,GDP,CPIAUCSL,UNRATE,FEDFUNDS,T10Y2Y,M2SL,BAA10Y
2019-01-01,21111.6,,,,,,
2019-02-01,,253.319,3.8,2.4,,14470.5,
2019-02-25,,,,,0.16,,2.23
2019-02-26,,,,,0.16,,2.24
2019-02-27,,,,,0.19,,2.25
2019-02-28,,,,,0.21,,2.22
2019-03-01,,254.277,3.8,2.41,0.21,14513.9,2.22
2019-03-04,,,,,0.17,,2.22
2019-03-05,,,,,0.17,,2.22
2019-03-06,,,,,0.17,,2.25
2019-03-07,,,,,0.17,,2.25
2019-03-08,,,,,0.17,,2.27
2019-03-11,,,,,0.17,,2.27
2019-03-12,,,,,0.16,,2.25
2019-03-13,,,,,0.16,,2.26
2019-03-14,,,,,0.17,,2.27
2019-03-15,,,,,0.16,,2.28
2019-03-18,,,,,0.15,,2.27
2019-03-19,,,,,0.15,,2.27
2019-03-20,,,,,0.14,,2.29
2019-03-21,,,,,0.13,,2.28
2019-03-22,,,,,0.13,,2.3
2019-03-25,,,,,0.17,,2.28
2019-03-26,,,,,0.17,,2.3
2019-03-27,,,,,0.17,,2.28
2019-03-28,,,,,0.16,,2.27
2019-03-29,,,,,0.14,,2.26
2019-04-01,21397.938,255.233,3.7,2.42,0.16,14548.1,2.24
2019-04-02,,,,,0.18,,2.24
2019-04-03,,,,,0.19,,2.23
2019-04-04,,,,,0.18,,2.22
2019-04-05,,,,,0.15,,2.22
2019-04-08,,,,,0.16,,2.21
2019-04-09,,,,,0.16,,2.19
2019-04-10,,,,,0.17,,2.21
2019-04-11,,,,,0.16,,2.2
2019-04-12,,,,,0.16,,2.15
2019-04-15,,,,,0.15,,2.15
2019-04-16,,,,,0.19,,2.12
2019-04-17,,,,,0.19,,2.13
2019-04-18,,,,,0.19,,2.12
2019-04-19,,,,,,,
2019-04-22,,,,,0.21,,2.14
2019-04-23,,,,,0.21,,2.14
2019-04-24,,,,,0.21,,2.14
2019-04-25,,,,,0.21,,2.14
2019-04-26,,,,,0.23,,2.13
2019-04-29,,,,,0.24,,2.13
2019-04-30,,,,,0.24,,2.14
2019-05-01,,255.296,3.6,2.39,0.21,14660.8,2.11
2019-05-02,,,,,0.2,,2.12
2019-05-03,,,,,0.21,,2.11
2019-05-06,,,,,0.2,,2.14
2019-05-07,,,,,0.17,,2.17
2019-05-08,,,,,0.19,,2.17
2019-05-09,,,,,0.19,,2.21
2019-05-10,,,,,0.21,,2.2
2019-05-13,,,,,0.22,,2.25
2019-05-14,,,,,0.22,,2.24
2019-05-15,,,,,0.21,,2.26
2019-05-16,,,,,0.2,,2.24
2019-05-17,,,,,0.19,,2.24
2019-05-20,,,,,0.2,,2.24
2019-05-21,,,,,0.17,,2.23
2019-05-22,,,,,0.16,,2.26
2019-05-23,,,,,0.19,,2.28
2019-05-24,,,,,0.16,,2.31
2019-05-27,,,,,,,
2019-05-28,,,,,0.14,,2.32
2019-05-29,,,,,0.16,,2.33
2019-05-30,,,,,0.16,,2.33
2019-05-31,,,,,0.19,,2.37
2019-06-01,,255.213,3.6,2.38,,14782.9,
2019-06-03,,,,,0.25,,2.42
2019-06-04,,,,,0.24,,2.42
2019-06-05,,,,,0.29,,2.45
2019-06-06,,,,,0.24,,2.44
2019-06-07,,,,,0.24,,2.42
2019-06-10,,,,,0.25,,2.39
2019-06-11,,,,,0.22,,2.38
2019-06-12,,,,,0.25,,2.41
2019-06-13,,,,,0.27,,2.42
2019-06-14,,,,,0.25,,2.42
2019-06-17,,,,,0.23,,2.41
2019-06-18,,,,,0.2,,2.4
2019-06-19,,,,,0.29,,2.41
2019-06-20,,,,,0.29,,2.38
2019-06-21,,,,,0.3,,2.35
2019-06-24,,,,,0.3,,2.33
2019-06-25,,,,,0.29,,2.34
2019-06-26,,,,,0.28,,2.32
2019-06-27,,,,,0.27,,2.31
2019-06-28,,,,,0.25,,2.31
2019-07-01,21717.171,255.802,3.7,2.4,0.25,14865.4,2.29
2019-07-02,,,,,0.21,,2.29
2019-07-03,,,,,0.19,,2.26
2019-07-04,,,,,,,
2019-07-05,,,,,0.17,,2.26
2019-07-08,,,,,0.17,,2.23
2019-07-09,,,,,0.15,,2.22
2019-07-10,,,,,0.25,,2.25
2019-07-11,,,,,0.28,,2.25
2019-07-12,,,,,0.28,,2.25
2019-07-15,,,,,0.26,,2.25
2019-07-16,,,,,0.26,,2.23
2019-07-17,,,,,0.23,,2.24
2019-07-18,,,,,0.27,,2.27
2019-07-19,,,,,0.25,,2.26
2019-07-22,,,,,0.25,,2.24
2019-07-23,,,,,0.25,,2.23
2019-07-24,,,,,0.22,,2.15
2019-07-25,,,,,0.22,,2.14
2019-07-26,,,,,0.22,,2.13
2019-07-29,,,,,0.21,,2.13
2019-07-30,,,,,0.21,,2.14
2019-07-31,,,,,0.13,,2.13
2019-08-01,,256.036,3.6,2.13,0.17,14947.6,2.17
2019-08-02,,,,,0.14,,2.18
2019-08-05,,,,,0.16,,2.24
2019-08-06,,,,,0.13,,2.25
2019-08-07,,,,,0.12,,2.23
2019-08-08,,,,,0.1,,2.25
2019-08-09,,,,,0.11,,2.23
2019-08-12,,,,,0.07,,2.23
2019-08-13,,,,,0.02,,2.22
2019-08-14,,,,,0.01,,2.23
2019-08-15,,,,,0.04,,2.27
2019-08-16,,,,,0.07,,2.26
2019-08-19,,,,,0.07,,2.29
2019-08-20,,,,,0.05,,2.3
2019-08-21,,,,,0.03,,2.25
2019-08-22,,,,,0.01,,2.25
2019-08-23,,,,,0.01,,2.27
2019-08-26,,,,,0.0,,2.27
2019-08-27,,,,,-0.04,,2.26
2019-08-28,,,,,-0.03,,2.26
2019-08-29,,,,,-0.03,,2.27
2019-08-30,,,,,0.0,,2.26
2019-09-01,,256.43,3.5,2.04,,15039.5,
2019-09-02,,,,,,,
2019-09-03,,,,,0.0,,2.28
2019-09-04,,,,,0.04,,2.29
2019-09-05,,,,,0.02,,2.28
2019-09-06,,,,,0.02,,2.26
2019-09-09,,,,,0.05,,2.23
2019-09-10,,,,,0.05,,2.22
2019-09-11,,,,,0.07,,2.22
2019-09-12,,,,,0.07,,2.22
2019-09-13,,,,,0.11,,2.21
2019-09-16,,,,,0.1,,2.2
2019-09-17,,,,,0.09,,2.21
2019-09-18,,,,,0.03,,2.18
2019-09-19,,,,,0.05,,2.17
2019-09-20,,,,,0.05,,2.19
2019-09-23,,,,,0.04,,2.17
2019-09-24,,,,,0.04,,2.2
2019-09-25,,,,,0.05,,2.2
2019-09-26,,,,,0.04,,2.18
2019-09-27,,,,,0.06,,2.19
2019-09-30,,,,,0.05,,2.2
2019-10-01,21933.217,257.155,3.6,1.83,0.09,15174.6,2.22
2019-10-02,,,,,0.12,,2.26
2019-10-03,,,,,0.15,,2.29
2019-10-04,,,,,0.12,,2.29
2019-10-07,,,,,0.1,,2.28
2019-10-08,,,,,0.12,,2.3
2019-10-09,,,,,0.12,,2.29
2019-10-10,,,,,0.14,,2.27
2019-10-11,,,,,0.13,,2.22
2019-10-14,,,,,,,
2019-10-15,,,,,0.16,,2.21
2019-10-16,,,,,0.17,,2.22
2019-10-17,,,,,0.16,,2.21
2019-10-18,,,,,0.18,,2.21
2019-10-21,,,,,0.18,,2.19
2019-10-22,,,,,0.18,,2.17
2019-10-23,,,,,0.19,,2.18
2019-10-24,,,,,0.19,,2.17
2019-10-25,,,,,0.17,,2.16
2019-10-28,,,,,0.21,,2.16
2019-10-29,,,,,0.2,,2.15
2019-10-30,,,,,0.17,,2.17
2019-10-31,,,,,0.17,,2.18
2019-11-01,,257.879,3.6,1.55,0.17,15273.3,2.16
2019-11-04,,,,,0.19,,2.16
2019-11-05,,,,,0.23,,2.15
2019-11-06,,,,,0.2,,2.14
2019-11-07,,,,,0.24,,2.13
2019-11-08,,,,,0.26,,2.11
2019-11-11,,,,,,,
2019-11-12,,,,,0.26,,2.1
2019-11-13,,,,,0.25,,2.11
2019-11-14,,,,,0.24,,2.13
2019-11-15,,,,,0.23,,2.13
2019-11-18,,,,,0.21,,2.14
2019-11-19,,,,,0.19,,2.13
2019-11-20,,,,,0.17,,2.16
2019-11-21,,,,,0.17,,2.15
2019-11-22,,,,,0.16,,2.14
2019-11-25,,,,,0.15,,2.13
2019-11-26,,,,,0.16,,2.11
2019-11-27,,,,,0.14,,2.09
2019-11-28,,,,,,,
2019-11-29,,,,,0.17,,2.08
2019-12-01,,258.63,3.6,1.55,,15334.3,
2019-12-02,,,,,0.22,,2.11
2019-12-03,,,,,0.19,,2.11
2019-12-04,,,,,0.19,,2.11
2019-12-05,,,,,0.22,,2.09
2019-12-06,,,,,0.23,,2.07
2019-12-09,,,,,0.2,,2.05
2019-12-10,,,,,0.2,,2.01
2019-12-11,,,,,0.18,,2.04
2019-12-12,,,,,0.24,,2.02
2019-12-13,,,,,0.21,,2.02
2019-12-16,,,,,0.24,,2.0
2019-12-17,,,,,0.26,,1.99
2019-12-18,,,,,0.29,,1.98
2019-12-19,,,,,0.3,,1.96
2019-12-20,,,,,0.29,,1.96
2019-12-23,,,,,0.29,,1.96
2019-12-24,,,,,0.28,,1.97
2019-12-25,,,,,,,
2019-12-26,,,,,0.26,,1.97
2019-12-27,,,,,0.29,,1.96
2019-12-30,,,,,0.32,,1.97
2019-12-31,,,,,0.34,,1.98
2020-01-01,21727.657,259.127,3.6,1.55,,15401.3,
2020-01-02,,,,,0.3,,1.98
2020-01-03,,,,,0.27,,1.99
2020-01-06,,,,,0.27,,2.02
2020-01-07,,,,,0.29,,2.03
2020-01-08,,,,,0.29,,2.05
2020-01-09,,,,,0.27,,2.03
2020-01-10,,,,,0.27,,1.99
2020-01-13,,,,,0.27,,1.99
2020-01-14,,,,,0.24,,1.99
2020-01-15,,,,,0.23,,2.01
2020-01-16,,,,,0.23,,2.0
2020-01-17,,,,,0.26,,1.98
2020-01-20,,,,,,,
2020-01-21,,,,,0.25,,1.97
2020-01-22,,,,,0.24,,1.97
2020-01-23,,,,,0.23,,1.98
2020-01-24,,,,,0.21,,1.98
2020-01-27,,,,,0.17,,2.04
2020-01-28,,,,,0.2,,2.04
2020-01-29,,,,,0.18,,2.05
2020-01-30,,,,,0.16,,2.08
2020-01-31,,,,,0.18,,2.13
2020-02-01,,259.25,3.5,1.58,,15453.8,
2020-02-03,,,,,0.18,,2.1
2020-02-04,,,,,0.2,,2.09
2020-02-05,,,,,0.22,,2.07
2020-02-06,,,,,0.21,,2.05
2020-02-07,,,,,0.18,,2.05
2020-02-10,,,,,0.19,,2.06
2020-02-11,,,,,0.18,,2.05
2020-02-12,,,,,0.18,,2.06
2020-02-13,,,,,0.17,,2.05
2020-02-14,,,,,0.17,,2.04
2020-02-17,,,,,,,
2020-02-18,,,,,0.14,,2.05
2020-02-19,,,,,0.14,,2.05
2020-02-20,,,,,0.13,,2.05
2020-02-21,,,,,0.12,,2.09
2020-02-24,,,,,0.12,,2.13
2020-02-25,,,,,0.13,,2.19
2020-02-26,,,,,0.17,,2.2
2020-02-27,,,,,0.19,,2.27
2020-02-28,,,,,0.27,,2.38
2020-03-01,,258.076,4.4,0.65,,15980.6,
2020-03-02,,,,,0.26,,2.44
2020-03-03,,,,,0.31,,2.48
2020-03-04,,,,,0.35,,2.47
2020-03-05,,,,,0.33,,2.52
2020-03-06,,,,,0.25,,2.55
2020-03-09,,,,,0.16,,2.93
2020-03-10,,,,,0.26,,2.93
2020-03-11,,,,,0.32,,2.99
2020-03-12,,,,,0.38,,3.2
2020-03-13,,,,,0.45,,3.3
2020-03-16,,,,,0.37,,3.38
2020-03-17,,,,,0.55,,3.49
2020-03-18,,,,,0.64,,3.81
2020-03-19,,,,,0.68,,4.01
2020-03-20,,,,,0.55,,4.23
2020-03-23,,,,,0.48,,4.31
2020-03-24,,,,,0.46,,4.19
2020-03-25,,,,,0.54,,4.13
2020-03-26,,,,,0.53,,4.04
2020-03-27,,,,,0.47,,3.98
2020-03-30,,,,,0.47,,3.89
2020-03-31,,,,,0.47,,3.93
2020-04-01,19935.444,256.032,14.8,0.05,0.39,16999.0,3.97
2020-04-02,,,,,0.4,,3.92
2020-04-03,,,,,0.39,,3.92
2020-04-06,,,,,0.4,,3.91
2020-04-07,,,,,0.47,,3.79
2020-04-08,,,,,0.5,,3.75
2020-04-09,,,,,0.5,,3.61
2020-04-10,,,,,,,
2020-04-13,,,,,0.51,,3.41
2020-04-14,,,,,0.53,,3.36
2020-04-15,,,,,0.43,,3.33
2020-04-16,,,,,0.41,,3.28
2020-04-17,,,,,0.45,,3.27
2020-04-20,,,,,0.43,,3.28
2020-04-21,,,,,0.38,,3.29
2020-04-22,,,,,0.41,,3.3
2020-04-23,,,,,0.39,,3.26
2020-04-24,,,,,0.38,,3.25
2020-04-27,,,,,0.43,,3.24
2020-04-28,,,,,0.42,,3.25
2020-04-29,,,,,0.43,,3.24
2020-04-30,,,,,0.44,,3.23
2020-05-01,,255.802,13.2,0.05,0.44,17868.4,3.25
2020-05-04,,,,,0.45,,3.28
2020-05-05,,,,,0.47,,3.28
2020-05-06,,,,,0.55,,3.31
2020-05-07,,,,,0.5,,3.34
2020-05-08,,,,,0.53,,3.37
2020-05-11,,,,,0.56,,3.41
2020-05-12,,,,,0.52,,3.4
2020-05-13,,,,,0.48,,3.43
2020-05-14,,,,,0.47,,3.41
2020-05-15,,,,,0.48,,3.41
2020-05-18,,,,,0.55,,3.38
2020-05-19,,,,,0.53,,3.3
2020-05-20,,,,,0.52,,3.24
2020-05-21,,,,,0.51,,3.18
2020-05-22,,,,,0.49,,3.18
2020-05-25,,,,,,,
2020-05-26,,,,,0.51,,3.14
2020-05-27,,,,,0.49,,3.11
2020-05-28,,,,,0.53,,3.1
2020-05-29,,,,,0.49,,3.08
2020-06-01,,257.042,11.0,0.08,0.52,18161.5,3.1
2020-06-02,,,,,0.51,,3.08
2020-06-03,,,,,0.58,,3.02
2020-06-04,,,,,0.63,,2.99
2020-06-05,,,,,0.69,,2.86
2020-06-08,,,,,0.66,,2.81
2020-06-09,,,,,0.64,,2.8
2020-06-10,,,,,0.58,,2.86
2020-06-11,,,,,0.47,,2.91
2020-06-12,,,,,0.52,,2.91
2020-06-15,,,,,0.52,,2.93
2020-06-16,,,,,0.54,,2.89
2020-06-17,,,,,0.55,,2.87
2020-06-18,,,,,0.52,,2.86
2020-06-19,,,,,0.51,,2.87
2020-06-22,,,,,0.52,,2.86
2020-06-23,,,,,0.54,,2.87
2020-06-24,,,,,0.5,,2.89
2020-06-25,,,,,0.51,,2.92
2020-06-26,,,,,0.47,,2.92
2020-06-29,,,,,0.48,,2.94
2020-06-30,,,,,0.5,,2.93
2020-07-01,21684.551,258.352,10.2,0.09,0.52,18311.4,2.89
2020-07-02,,,,,0.52,,2.87
2020-07-03,,,,,,,
2020-07-06,,,,,0.53,,2.83
2020-07-07,,,,,0.49,,2.81
2020-07-08,,,,,0.51,,2.77
2020-07-09,,,,,0.46,,2.73
2020-07-10,,,,,0.49,,2.74
2020-07-13,,,,,0.48,,2.74
2020-07-14,,,,,0.49,,2.71
2020-07-15,,,,,0.48,,2.71
2020-07-16,,,,,0.46,,2.69
2020-07-17,,,,,0.5,,2.68
2020-07-20,,,,,0.46,,2.66
2020-07-21,,,,,0.47,,2.63
2020-07-22,,,,,0.46,,2.61
2020-07-23,,,,,0.43,,2.58
2020-07-24,,,,,0.45,,2.58
2020-07-27,,,,,0.47,,2.56
2020-07-28,,,,,0.45,,2.57
2020-07-29,,,,,0.46,,2.61
2020-07-30,,,,,0.44,,2.6
2020-07-31,,,,,0.44,,2.6
2020-08-01,,259.316,8.4,0.1,,18382.2,
2020-08-03,,,,,0.45,,2.63
2020-08-04,,,,,0.41,,2.62
2020-08-05,,,,,0.44,,2.59
2020-08-06,,,,,0.44,,2.57
2020-08-07,,,,,0.44,,2.57
2020-08-10,,,,,0.45,,2.56
2020-08-11,,,,,0.48,,2.59
2020-08-12,,,,,0.53,,2.55
2020-08-13,,,,,0.55,,2.59
2020-08-14,,,,,0.57,,2.61
2020-08-17,,,,,0.55,,2.64
2020-08-18,,,,,0.53,,2.64
2020-08-19,,,,,0.54,,2.65
2020-08-20,,,,,0.52,,2.65
2020-08-21,,,,,0.48,,2.64
2020-08-24,,,,,0.51,,2.63
2020-08-25,,,,,0.54,,2.63
2020-08-26,,,,,0.53,,2.66
2020-08-27,,,,,0.58,,2.71
2020-08-28,,,,,0.6,,2.71
2020-08-31,,,,,0.58,,2.67
2020-09-01,,259.997,7.8,0.09,0.55,18606.8,2.67
2020-09-02,,,,,0.52,,2.64
2020-09-03,,,,,0.5,,2.64
2020-09-04,,,,,0.58,,2.68
2020-09-07,,,,,,,
2020-09-08,,,,,0.55,,2.67
2020-09-09,,,,,0.57,,2.69
2020-09-10,,,,,0.54,,2.69
2020-09-11,,,,,0.54,,2.69
2020-09-14,,,,,0.54,,2.66
2020-09-15,,,,,0.54,,2.68
2020-09-16,,,,,0.55,,2.67
2020-09-17,,,,,0.56,,2.65
2020-09-18,,,,,0.56,,2.66
2020-09-21,,,,,0.54,,2.66
2020-09-22,,,,,0.55,,2.66
2020-09-23,,,,,0.54,,2.68
2020-09-24,,,,,0.53,,2.7
2020-09-25,,,,,0.54,,2.74
2020-09-28,,,,,0.53,,2.76
2020-09-29,,,,,0.55,,2.74
2020-09-30,,,,,0.56,,2.75
2020-10-01,22068.767,260.319,6.9,0.09,0.54,18758.1,2.75
2020-10-02,,,,,0.57,,2.76
2020-10-05,,,,,0.64,,2.74
2020-10-06,,,,,0.62,,2.7
2020-10-07,,,,,0.65,,2.69
2020-10-08,,,,,0.65,,2.68
2020-10-09,,,,,0.63,,2.67
2020-10-12,,,,,,,
2020-10-13,,,,,0.58,,2.65
2020-10-14,,,,,0.59,,2.64
2020-10-15,,,,,0.6,,2.65
2020-10-16,,,,,0.62,,2.64
2020-10-19,,,,,0.62,,2.61
2020-10-20,,,,,0.67,,2.64
2020-10-21,,,,,0.69,,2.63
2020-10-22,,,,,0.71,,2.61
2020-10-23,,,,,0.67,,2.6
2020-10-26,,,,,0.65,,2.6
2020-10-27,,,,,0.63,,2.6
2020-10-28,,,,,0.63,,2.62
2020-10-29,,,,,0.69,,2.61
2020-10-30,,,,,0.74,,2.61
2020-11-01,,260.911,6.7,0.09,,18972.9,
2020-11-02,,,,,0.71,,2.6
2020-11-03,,,,,0.73,,2.58
2020-11-04,,,,,0.64,,2.58
2020-11-05,,,,,0.65,,2.52
2020-11-06,,,,,0.67,,2.51
2020-11-09,,,,,0.79,,2.47
2020-11-10,,,,,0.79,,2.44
2020-11-11,,,,,,,
2020-11-12,,,,,0.71,,2.45
2020-11-13,,,,,0.72,,2.44
2020-11-16,,,,,0.72,,2.42
2020-11-17,,,,,0.69,,2.42
2020-11-18,,,,,0.72,,2.39
2020-11-19,,,,,0.68,,2.35
2020-11-20,,,,,0.67,,2.35
2020-11-23,,,,,0.7,,2.33
2020-11-24,,,,,0.72,,2.31
2020-11-25,,,,,0.71,,2.32
2020-11-26,,,,,,,
2020-11-27,,,,,0.68,,2.32
2020-11-30,,,,,0.68,,2.29
2020-12-01,,262.045,6.7,0.09,0.75,19109.9,2.28
2020-12-02,,,,,0.79,,2.24
2020-12-03,,,,,0.76,,2.23
2020-12-04,,,,,0.81,,2.23
2020-12-07,,,,,0.8,,2.22
2020-12-08,,,,,0.78,,2.22
2020-12-09,,,,,0.79,,2.24
2020-12-10,,,,,0.78,,2.22
2020-12-11,,,,,0.79,,2.23
2020-12-14,,,,,0.77,,2.24
2020-12-15,,,,,0.81,,2.26
2020-12-16,,,,,0.79,,2.25
2020-12-17,,,,,0.81,,2.23
2020-12-18,,,,,0.82,,2.24
2020-12-21,,,,,0.82,,2.23
2020-12-22,,,,,0.8,,2.22
2020-12-23,,,,,0.83,,2.24
2020-12-24,,,,,0.81,,2.23
2020-12-25,,,,,,,
2020-12-28,,,,,0.81,,2.22
2020-12-29,,,,,0.82,,2.22
2020-12-30,,,,,0.81,,2.2
2020-12-31,,,,,0.8,,2.18
2021-01-01,22656.793,262.639,6.4,0.09,,19334.6,
2021-01-04,,,,,0.82,,2.19
2021-01-05,,,,,0.83,,2.23
2021-01-06,,,,,0.9,,2.27
2021-01-07,,,,,0.94,,2.23
2021-01-08,,,,,0.99,,2.19
2021-01-11,,,,,1.01,,2.15
2021-01-12,,,,,1.01,,2.16
2021-01-13,,,,,0.96,,2.13
2021-01-14,,,,,0.99,,2.12
2021-01-15,,,,,0.98,,2.13
2021-01-18,,,,,,,
2021-01-19,,,,,0.96,,2.11
2021-01-20,,,,,0.97,,2.11
2021-01-21,,,,,0.99,,2.12
2021-01-22,,,,,0.97,,2.14
2021-01-25,,,,,0.92,,2.15
2021-01-26,,,,,0.94,,2.16
2021-01-27,,,,,0.92,,2.16
2021-01-28,,,,,0.95,,2.17
2021-01-29,,,,,1.0,,2.17
2021-02-01,,263.573,6.2,0.08,0.98,19570.8,2.19
2021-02-02,,,,,1.01,,2.18
2021-02-03,,,,,1.04,,2.17
2021-02-04,,,,,1.04,,2.19
2021-02-05,,,,,1.1,,2.18
2021-02-08,,,,,1.08,,2.14
2021-02-09,,,,,1.07,,2.15
2021-02-10,,,,,1.04,,2.16
2021-02-11,,,,,1.05,,2.18
2021-02-12,,,,,1.09,,2.19
2021-02-15,,,,,,,
2021-02-16,,,,,1.17,,2.15
2021-02-17,,,,,1.18,,2.13
2021-02-18,,,,,1.18,,2.13
2021-02-19,,,,,1.23,,2.14
2021-02-22,,,,,1.26,,2.16
2021-02-23,,,,,1.26,,2.2
2021-02-24,,,,,1.26,,2.22
2021-02-25,,,,,1.37,,2.12
2021-02-26,,,,,1.3,,2.12
2021-03-01,,264.847,6.1,0.07,1.32,19809.6,2.13
2021-03-02,,,,,1.29,,2.15
2021-03-03,,,,,1.33,,2.14
2021-03-04,,,,,1.4,,2.13
2021-03-05,,,,,1.42,,2.13
2021-03-08,,,,,1.42,,2.14
2021-03-09,,,,,1.38,,2.16
2021-03-10,,,,,1.37,,2.17
2021-03-11,,,,,1.4,,2.18
2021-03-12,,,,,1.5,,2.19
2021-03-15,,,,,1.48,,2.18
2021-03-16,,,,,1.47,,2.19
2021-03-17,,,,,1.5,,2.23
2021-03-18,,,,,1.55,,2.17
2021-03-19,,,,,1.58,,2.1
2021-03-22,,,,,1.54,,2.08
2021-03-23,,,,,1.48,,2.11
2021-03-24,,,,,1.48,,2.1
2021-03-25,,,,,1.49,,2.11
2021-03-26,,,,,1.53,,2.09
2021-03-29,,,,,1.59,,2.08
2021-03-30,,,,,1.57,,2.04
2021-03-31,,,,,1.58,,2.03
2021-04-01,23368.861,266.625,6.1,0.07,1.52,20132.9,1.98
2021-04-02,,,,,1.53,,
2021-04-05,,,,,1.56,,1.93
2021-04-06,,,,,1.51,,1.95
2021-04-07,,,,,1.52,,1.96
2021-04-08,,,,,1.5,,1.98
2021-04-09,,,,,1.51,,1.96
2021-04-12,,,,,1.51,,1.95
2021-04-13,,,,,1.48,,1.97
2021-04-14,,,,,1.48,,1.98
2021-04-15,,,,,1.4,,1.95
2021-04-16,,,,,1.43,,1.97
2021-04-19,,,,,1.45,,1.99
2021-04-20,,,,,1.43,,2.0
2021-04-21,,,,,1.42,,2.01
2021-04-22,,,,,1.41,,1.99
2021-04-23,,,,,1.42,,1.99
2021-04-26,,,,,1.4,,1.98
2021-04-27,,,,,1.46,,1.97
2021-04-28,,,,,1.46,,1.98
2021-04-29,,,,,1.49,,1.97
2021-04-30,,,,,1.49,,1.96
2021-05-01,,268.404,5.8,0.06,,20437.5,
2021-05-03,,,,,1.47,,1.96
2021-05-04,,,,,1.45,,1.97
2021-05-05,,,,,1.43,,1.98
2021-05-06,,,,,1.42,,1.96
2021-05-07,,,,,1.46,,1.97
2021-05-10,,,,,1.47,,1.98
2021-05-11,,,,,1.48,,2.01
2021-05-12,,,,,1.53,,2.02
2021-05-13,,,,,1.5,,2.04
2021-05-14,,,,,1.47,,2.03
2021-05-17,,,,,1.48,,2.02
2021-05-18,,,,,1.48,,2.03
2021-05-19,,,,,1.52,,2.02
2021-05-20,,,,,1.48,,2.02
2021-05-21,,,,,1.46,,2.01
2021-05-24,,,,,1.46,,2.0
2021-05-25,,,,,1.41,,2.01
2021-05-26,,,,,1.44,,1.98
2021-05-27,,,,,1.47,,1.98
2021-05-28,,,,,1.44,,1.99
2021-05-31,,,,,,,
2021-06-01,,270.71,5.9,0.08,1.46,20481.6,1.97
2021-06-02,,,,,1.46,,1.98
2021-06-03,,,,,1.47,,1.96
2021-06-04,,,,,1.42,,1.98
2021-06-07,,,,,1.41,,1.98
2021-06-08,,,,,1.39,,1.98
2021-06-09,,,,,1.34,,1.96
2021-06-10,,,,,1.31,,2.0
2021-06-11,,,,,1.31,,1.97
2021-06-14,,,,,1.35,,1.96
2021-06-15,,,,,1.35,,1.96
2021-06-16,,,,,1.36,,1.91
2021-06-17,,,,,1.29,,1.84
2021-06-18,,,,,1.19,,1.85
2021-06-21,,,,,1.23,,1.88
2021-06-22,,,,,1.23,,1.9
2021-06-23,,,,,1.24,,1.89
2021-06-24,,,,,1.23,,1.88
2021-06-25,,,,,1.26,,1.9
2021-06-28,,,,,1.24,,1.88
2021-06-29,,,,,1.22,,1.87
2021-06-30,,,,,1.2,,1.87
2021-07-01,23921.991,271.965,5.4,0.1,1.23,20633.3,1.86
2021-07-02,,,,,1.2,,1.87
2021-07-05,,,,,,,
2021-07-06,,,,,1.15,,1.9
2021-07-07,,,,,1.11,,1.89
2021-07-08,,,,,1.11,,1.91
2021-07-09,,,,,1.14,,1.91
2021-07-12,,,,,1.15,,1.91
2021-07-13,,,,,1.16,,1.91
2021-07-14,,,,,1.14,,1.91
2021-07-15,,,,,1.08,,1.92
2021-07-16,,,,,1.06,,1.93
2021-07-19,,,,,0.98,,1.97
2021-07-20,,,,,1.03,,1.98
2021-07-21,,,,,1.08,,1.96
2021-07-22,,,,,1.07,,1.95
2021-07-23,,,,,1.08,,1.93
2021-07-26,,,,,1.07,,1.94
2021-07-27,,,,,1.05,,1.95
2021-07-28,,,,,1.06,,1.96
2021-07-29,,,,,1.08,,1.94
2021-07-30,,,,,1.05,,1.95
2021-08-01,,272.752,5.1,0.09,,20844.2,
2021-08-02,,,,,1.03,,1.95
2021-08-03,,,,,1.02,,1.97
2021-08-04,,,,,1.02,,1.96
2021-08-05,,,,,1.02,,1.95
2021-08-06,,,,,1.1,,1.94
2021-08-09,,,,,1.1,,1.95
2021-08-10,,,,,1.12,,1.95
2021-08-11,,,,,1.12,,1.99
2021-08-12,,,,,1.13,,1.99
2021-08-13,,,,,1.06,,1.98
2021-08-16,,,,,1.05,,1.97
2021-08-17,,,,,1.03,,1.98
2021-08-18,,,,,1.04,,1.97
2021-08-19,,,,,1.02,,1.98
2021-08-20,,,,,1.03,,1.96
2021-08-23,,,,,1.02,,1.97
2021-08-24,,,,,1.05,,1.95
2021-08-25,,,,,1.12,,1.93
2021-08-26,,,,,1.09,,1.92
2021-08-27,,,,,1.09,,1.92
2021-08-30,,,,,1.09,,1.92
2021-08-31,,,,,1.1,,1.94
2021-09-01,,273.942,4.7,0.08,1.11,20973.7,1.92
2021-09-02,,,,,1.09,,1.92
2021-09-03,,,,,1.12,,1.91
2021-09-06,,,,,,,
2021-09-07,,,,,1.16,,1.91
2021-09-08,,,,,1.13,,1.91
2021-09-09,,,,,1.07,,1.9
2021-09-10,,,,,1.12,,1.88
2021-09-13,,,,,1.12,,1.87
2021-09-14,,,,,1.07,,1.87
2021-09-15,,,,,1.1,,1.85
2021-09-16,,,,,1.11,,1.84
2021-09-17,,,,,1.14,,1.83
2021-09-20,,,,,1.08,,1.84
2021-09-21,,,,,1.11,,1.83
2021-09-22,,,,,1.07,,1.83
2021-09-23,,,,,1.14,,1.81
2021-09-24,,,,,1.18,,1.8
2021-09-27,,,,,1.17,,1.78
2021-09-28,,,,,1.23,,1.8
2021-09-29,,,,,1.25,,1.81
2021-09-30,,,,,1.24,,1.85
2021-10-01,24777.038,276.528,4.5,0.08,1.21,21153.5,1.85
2021-10-04,,,,,1.22,,1.85
2021-10-05,,,,,1.26,,1.84
2021-10-06,,,,,1.23,,1.84
2021-10-07,,,,,1.26,,1.85
2021-10-08,,,,,1.29,,1.84
2021-10-11,,,,,,,
2021-10-12,,,,,1.24,,1.82
2021-10-13,,,,,1.19,,1.79
2021-10-14,,,,,1.16,,1.81
2021-10-15,,,,,1.18,,1.76
2021-10-18,,,,,1.15,,1.72
2021-10-19,,,,,1.24,,1.72
2021-10-20,,,,,1.25,,1.75
2021-10-21,,,,,1.23,,1.74
2021-10-22,,,,,1.18,,1.72
2021-10-25,,,,,1.17,,1.73
2021-10-26,,,,,1.16,,1.71
2021-10-27,,,,,1.04,,1.69
2021-10-28,,,,,1.07,,1.69
2021-10-29,,,,,1.07,,1.69
2021-11-01,,278.824,4.2,0.08,1.08,21327.3,1.69
2021-11-02,,,,,1.1,,1.71
2021-11-03,,,,,1.13,,1.7
2021-11-04,,,,,1.12,,1.73
2021-11-05,,,,,1.06,,1.73
2021-11-08,,,,,1.06,,1.67
2021-11-09,,,,,1.05,,1.67
2021-11-10,,,,,1.05,,1.66
2021-11-11,,,,,,,
2021-11-12,,,,,1.05,,1.69
2021-11-15,,,,,1.1,,1.7
2021-11-16,,,,,1.09,,1.72
2021-11-17,,,,,1.08,,1.74
2021-11-18,,,,,1.07,,1.73
2021-11-19,,,,,1.02,,1.73
2021-11-22,,,,,1.0,,1.71
2021-11-23,,,,,1.07,,1.73
2021-11-24,,,,,1.0,,1.72
2021-11-25,,,,,,,
2021-11-26,,,,,0.98,,1.82
2021-11-29,,,,,1.01,,1.81
2021-11-30,,,,,0.91,,1.81
2021-12-01,,280.806,3.9,0.08,0.87,21507.6,1.81
2021-12-02,,,,,0.81,,1.8
2021-12-03,,,,,0.75,,1.81
2021-12-06,,,,,0.78,,1.79
2021-12-07,,,,,0.78,,1.75
2021-12-08,,,,,0.84,,1.79
2021-12-09,,,,,0.79,,1.81
2021-12-10,,,,,0.81,,1.83
2021-12-13,,,,,0.76,,1.82
2021-12-14,,,,,0.77,,1.82
2021-12-15,,,,,0.78,,1.83
2021-12-16,,,,,0.8,,1.87
2021-12-17,,,,,0.75,,1.87
2021-12-20,,,,,0.78,,1.89
2021-12-21,,,,,0.78,,1.88
2021-12-22,,,,,0.78,,1.86
2021-12-23,,,,,0.79,,1.86
2021-12-24,,,,,,,
2021-12-27,,,,,0.72,,1.86
2021-12-28,,,,,0.75,,1.86
2021-12-29,,,,,0.8,,1.85
2021-12-30,,,,,0.79,,1.85
2021-12-31,,,,,0.79,,
2022-01-01,25215.491,282.542,4.0,0.08,,21566.2,
2022-01-03,,,,,0.85,,1.82
2022-01-04,,,,,0.89,,1.84
2022-01-05,,,,,0.88,,1.8
2022-01-06,,,,,0.85,,1.78
2022-01-07,,,,,0.89,,1.78
2022-01-10,,,,,0.86,,1.76
2022-01-11,,,,,0.85,,1.76
2022-01-12,,,,,0.82,,1.77
2022-01-13,,,,,0.79,,1.8
2022-01-14,,,,,0.79,,1.79
2022-01-17,,,,,,,
2022-01-18,,,,,0.81,,1.78
2022-01-19,,,,,0.79,,1.77
2022-01-20,,,,,0.75,,1.79
2022-01-21,,,,,0.74,,1.84
2022-01-24,,,,,0.76,,1.89
2022-01-25,,,,,0.76,,1.91
2022-01-26,,,,,0.72,,1.84
2022-01-27,,,,,0.63,,1.86
2022-01-28,,,,,0.63,,1.91
2022-01-31,,,,,0.61,,1.93
2022-02-01,,284.525,3.8,0.08,0.63,21620.9,1.92
2022-02-02,,,,,0.62,,1.91
2022-02-03,,,,,0.63,,1.92
2022-02-04,,,,,0.62,,1.92
2022-02-07,,,,,0.62,,1.93
2022-02-08,,,,,0.61,,1.91
2022-02-09,,,,,0.58,,1.92
2022-02-10,,,,,0.42,,1.91
2022-02-11,,,,,0.42,,2.0
2022-02-14,,,,,0.4,,2.0
2022-02-15,,,,,0.47,,1.99
2022-02-16,,,,,0.51,,2.05
2022-02-17,,,,,0.48,,2.12
2022-02-18,,,,,0.45,,2.13
2022-02-21,,,,,,,
2022-02-22,,,,,0.38,,2.13
2022-02-23,,,,,0.41,,2.1
2022-02-24,,,,,0.42,,2.24
2022-02-25,,,,,0.42,,2.2
2022-02-28,,,,,0.39,,2.34
2022-03-01,,287.467,3.7,0.2,0.41,21722.8,2.25
2022-03-02,,,,,0.36,,2.24
2022-03-03,,,,,0.33,,2.24
2022-03-04,,,,,0.24,,2.31
2022-03-07,,,,,0.23,,2.32
2022-03-08,,,,,0.23,,2.35
2022-03-09,,,,,0.26,,2.32
2022-03-10,,,,,0.26,,2.38
2022-03-11,,,,,0.25,,2.35
2022-03-14,,,,,0.27,,2.33
2022-03-15,,,,,0.3,,2.36
2022-03-16,,,,,0.24,,2.23
2022-03-17,,,,,0.26,,2.17
2022-03-18,,,,,0.17,,2.14
2022-03-21,,,,,0.18,,2.07
2022-03-22,,,,,0.2,,2.05
2022-03-23,,,,,0.19,,2.03
2022-03-24,,,,,0.21,,2.01
2022-03-25,,,,,0.18,,1.96
2022-03-28,,,,,0.11,,1.94
2022-03-29,,,,,0.06,,1.91
2022-03-30,,,,,0.04,,1.93
2022-03-31,,,,,0.04,,1.93
2022-04-01,25805.791,288.582,3.7,0.33,-0.05,21723.2,1.81
2022-04-04,,,,,-0.01,,1.81
2022-04-05,,,,,0.03,,1.77
2022-04-06,,,,,0.11,,1.77
2022-04-07,,,,,0.19,,1.78
2022-04-08,,,,,0.19,,1.78
2022-04-11,,,,,0.29,,1.82
2022-04-12,,,,,0.33,,1.92
2022-04-13,,,,,0.33,,1.94
2022-04-14,,,,,0.36,,1.93
2022-04-15,,,,,,,
2022-04-18,,,,,0.39,,1.94
2022-04-19,,,,,0.32,,1.91
2022-04-20,,,,,0.25,,1.91
2022-04-21,,,,,0.22,,1.93
2022-04-22,,,,,0.18,,1.96
2022-04-25,,,,,0.18,,2.03
2022-04-26,,,,,0.23,,2.06
2022-04-27,,,,,0.24,,2.05
2022-04-28,,,,,0.22,,2.06
2022-04-29,,,,,0.19,,2.05
2022-05-01,,291.299,3.6,0.77,,21696.6,
2022-05-02,,,,,0.26,,2.08
2022-05-03,,,,,0.19,,2.05
2022-05-04,,,,,0.27,,2.08
2022-05-05,,,,,0.34,,2.1
2022-05-06,,,,,0.4,,2.09
2022-05-09,,,,,0.44,,2.17
2022-05-10,,,,,0.37,,2.16
2022-05-11,,,,,0.25,,2.17
2022-05-12,,,,,0.28,,2.2
2022-05-13,,,,,0.32,,2.24
2022-05-16,,,,,0.3,,2.29
2022-05-17,,,,,0.27,,2.27
2022-05-18,,,,,0.21,,2.31
2022-05-19,,,,,0.21,,2.37
2022-05-20,,,,,0.18,,2.36
2022-05-23,,,,,0.21,,2.33
2022-05-24,,,,,0.26,,2.34
2022-05-25,,,,,0.27,,2.29
2022-05-26,,,,,0.29,,2.25
2022-05-27,,,,,0.27,,2.26
2022-05-30,,,,,,,
2022-05-31,,,,,0.32,,2.18
2022-06-01,,295.072,3.6,1.21,0.28,21652.3,2.08
2022-06-02,,,,,0.27,,2.1
2022-06-03,,,,,0.3,,2.09
2022-06-06,,,,,0.31,,2.08
2022-06-07,,,,,0.23,,2.07
2022-06-08,,,,,0.25,,2.07
2022-06-09,,,,,0.21,,2.07
2022-06-10,,,,,0.09,,2.04
2022-06-13,,,,,0.03,,1.98
2022-06-14,,,,,0.04,,1.99
2022-06-15,,,,,0.13,,2.1
2022-06-16,,,,,0.14,,2.13
2022-06-17,,,,,0.08,,2.13
2022-06-20,,,,,,,
2022-06-21,,,,,0.1,,2.13
2022-06-22,,,,,0.1,,2.17
2022-06-23,,,,,0.08,,2.2
2022-06-24,,,,,0.09,,2.22
2022-06-27,,,,,0.12,,2.19
2022-06-28,,,,,0.1,,2.22
2022-06-29,,,,,0.04,,2.24
2022-06-30,,,,,0.06,,2.31
2022-07-01,26272.011,294.94,3.5,1.68,0.04,21644.5,2.42
2022-07-04,,,,,,,
2022-07-05,,,,,0.0,,2.41
2022-07-06,,,,,-0.04,,2.39
2022-07-07,,,,,-0.02,,2.33
2022-07-08,,,,,-0.03,,2.31
2022-07-11,,,,,-0.08,,2.32
2022-07-12,,,,,-0.07,,2.31
2022-07-13,,,,,-0.22,,2.32
2022-07-14,,,,,-0.19,,2.31
2022-07-15,,,,,-0.2,,2.3
2022-07-18,,,,,-0.19,,2.28
2022-07-19,,,,,-0.22,,2.26
2022-07-20,,,,,-0.21,,2.2
2022-07-21,,,,,-0.19,,2.23
2022-07-22,,,,,-0.21,,2.28
2022-07-25,,,,,-0.19,,2.31
2022-07-26,,,,,-0.21,,2.29
2022-07-27,,,,,-0.18,,2.3
2022-07-28,,,,,-0.17,,2.42
2022-07-29,,,,,-0.22,,2.36
2022-08-01,,295.162,3.6,2.33,-0.3,21626.6,2.38
2022-08-02,,,,,-0.31,,2.29
2022-08-03,,,,,-0.37,,2.29
2022-08-04,,,,,-0.35,,2.32
2022-08-05,,,,,-0.41,,2.29
2022-08-08,,,,,-0.44,,2.26
2022-08-09,,,,,-0.48,,2.26
2022-08-10,,,,,-0.45,,2.29
2022-08-11,,,,,-0.36,,2.29
2022-08-12,,,,,-0.41,,2.27
2022-08-15,,,,,-0.41,,2.27
2022-08-16,,,,,-0.43,,2.27
2022-08-17,,,,,-0.39,,2.24
2022-08-18,,,,,-0.34,,2.24
2022-08-19,,,,,-0.27,,2.25
2022-08-22,,,,,-0.29,,2.24
2022-08-23,,,,,-0.24,,2.24
2022-08-24,,,,,-0.25,,2.23
2022-08-25,,,,,-0.32,,2.21
2022-08-26,,,,,-0.33,,2.19
2022-08-29,,,,,-0.3,,2.19
2022-08-30,,,,,-0.35,,2.17
2022-08-31,,,,,-0.3,,2.18
2022-09-01,,296.421,3.5,2.56,-0.25,21507.8,2.22
2022-09-02,,,,,-0.2,,2.24
2022-09-05,,,,,,,
2022-09-06,,,,,-0.17,,2.27
2022-09-07,,,,,-0.18,,2.24
2022-09-08,,,,,-0.19,,2.25
2022-09-09,,,,,-0.23,,2.2
2022-09-12,,,,,-0.21,,2.2
2022-09-13,,,,,-0.33,,2.18
2022-09-14,,,,,-0.37,,2.15
2022-09-15,,,,,-0.42,,2.12
2022-09-16,,,,,-0.4,,2.18
2022-09-19,,,,,-0.46,,2.15
2022-09-20,,,,,-0.39,,2.13
2022-09-21,,,,,-0.51,,2.12
2022-09-22,,,,,-0.41,,2.08
2022-09-23,,,,,-0.51,,2.09
2022-09-26,,,,,-0.39,,2.01
2022-09-27,,,,,-0.33,,2.08
2022-09-28,,,,,-0.35,,2.25
2022-09-29,,,,,-0.4,,2.27
2022-09-30,,,,,-0.39,,2.24
2022-10-01,26734.277,297.979,3.6,3.08,,21433.2,
2022-10-03,,,,,-0.45,,2.29
2022-10-04,,,,,-0.48,,2.27
2022-10-05,,,,,-0.39,,2.22
2022-10-06,,,,,-0.4,,2.16
2022-10-07,,,,,-0.41,,2.17
2022-10-10,,,,,,,
2022-10-11,,,,,-0.37,,2.23
2022-10-12,,,,,-0.37,,2.27
2022-10-13,,,,,-0.5,,2.28
2022-10-14,,,,,-0.48,,2.28
2022-10-17,,,,,-0.43,,2.28
2022-10-18,,,,,-0.42,,2.28
2022-10-19,,,,,-0.41,,2.25
2022-10-20,,,,,-0.38,,2.24
2022-10-21,,,,,-0.28,,2.36
2022-10-24,,,,,-0.25,,2.34
2022-10-25,,,,,-0.32,,2.37
2022-10-26,,,,,-0.35,,2.33
2022-10-27,,,,,-0.34,,2.34
2022-10-28,,,,,-0.39,,2.3
2022-10-31,,,,,-0.41,,2.28
2022-11-01,,298.708,3.6,3.78,-0.47,21366.9,2.22
2022-11-02,,,,,-0.51,,2.18
2022-11-03,,,,,-0.57,,2.19
2022-11-04,,,,,-0.49,,2.22
2022-11-07,,,,,-0.5,,2.22
2022-11-08,,,,,-0.53,,2.23
2022-11-09,,,,,-0.49,,2.33
2022-11-10,,,,,-0.52,,2.36
2022-11-11,,,,,,,
2022-11-14,,,,,-0.52,,2.27
2022-11-15,,,,,-0.57,,2.23
2022-11-16,,,,,-0.68,,2.24
2022-11-17,,,,,-0.66,,2.18
2022-11-18,,,,,-0.69,,2.13
2022-11-21,,,,,-0.65,,2.08
2022-11-22,,,,,-0.71,,2.07
2022-11-23,,,,,-0.75,,2.02
2022-11-24,,,,,,,
2022-11-25,,,,,-0.74,,2.06
2022-11-28,,,,,-0.77,,2.05
2022-11-29,,,,,-0.73,,2.06
2022-11-30,,,,,-0.7,,2.15
2022-12-01,,298.808,3.5,4.1,-0.72,21273.0,2.09
2022-12-02,,,,,-0.77,,2.03
2022-12-05,,,,,-0.81,,1.99
2022-12-06,,,,,-0.83,,1.97
2022-12-07,,,,,-0.84,,1.95
2022-12-08,,,,,-0.83,,1.91
2022-12-09,,,,,-0.76,,1.9
2022-12-12,,,,,-0.78,,1.88
2022-12-13,,,,,-0.71,,1.91
2022-12-14,,,,,-0.74,,1.95
2022-12-15,,,,,-0.79,,1.97
2022-12-16,,,,,-0.69,,1.98
2022-12-19,,,,,-0.68,,1.98
2022-12-20,,,,,-0.56,,1.99
2022-12-21,,,,,-0.53,,2.01
2022-12-22,,,,,-0.57,,1.99
2022-12-23,,,,,-0.56,,2.0
2022-12-26,,,,,,,
2022-12-27,,,,,-0.48,,2.02
2022-12-28,,,,,-0.43,,2.01
2022-12-29,,,,,-0.51,,2.01
2022-12-30,,,,,-0.53,,1.99
2023-01-01,27164.359,300.456,3.5,4.33,,21187.9,
2023-01-02,,,,,,,
2023-01-03,,,,,-0.61,,2.03
2023-01-04,,,,,-0.67,,2.07
2023-01-05,,,,,-0.74,,2.03
2023-01-06,,,,,-0.69,,2.07
2023-01-09,,,,,-0.66,,2.02
2023-01-10,,,,,-0.63,,2.02
2023-01-11,,,,,-0.66,,1.99
2023-01-12,,,,,-0.69,,1.97
2023-01-13,,,,,-0.73,,1.95
2023-01-16,,,,,,,
2023-01-17,,,,,-0.65,,1.91
2023-01-18,,,,,-0.69,,1.96
2023-01-19,,,,,-0.7,,1.99
2023-01-20,,,,,-0.66,,1.98
2023-01-23,,,,,-0.69,,1.96
2023-01-24,,,,,-0.66,,1.94
2023-01-25,,,,,-0.65,,1.96
2023-01-26,,,,,-0.68,,1.91
2023-01-27,,,,,-0.67,,1.88
2023-01-30,,,,,-0.7,,1.87
2023-01-31,,,,,-0.69,,1.9
2023-02-01,,301.476,3.6,4.57,-0.7,21117.1,1.91
2023-02-02,,,,,-0.69,,1.88
2023-02-03,,,,,-0.77,,1.83
2023-02-06,,,,,-0.81,,1.77
2023-02-07,,,,,-0.8,,1.78
2023-02-08,,,,,-0.82,,1.83
2023-02-09,,,,,-0.81,,1.84
2023-02-10,,,,,-0.76,,1.85
2023-02-13,,,,,-0.8,,1.84
2023-02-14,,,,,-0.83,,1.81
2023-02-15,,,,,-0.81,,1.82
2023-02-16,,,,,-0.76,,1.84
2023-02-17,,,,,-0.78,,1.89
2023-02-20,,,,,,,
2023-02-21,,,,,-0.72,,1.87
2023-02-22,,,,,-0.73,,1.85
2023-02-23,,,,,-0.78,,1.86
2023-02-24,,,,,-0.83,,1.86
2023-02-27,,,,,-0.86,,1.87
2023-02-28,,,,,-0.89,,1.9
2023-03-01,,301.643,3.5,4.65,-0.88,20870.0,1.84
2023-03-02,,,,,-0.81,,1.82
2023-03-03,,,,,-0.89,,1.79
2023-03-06,,,,,-0.91,,1.79
2023-03-07,,,,,-1.03,,1.79
2023-03-08,,,,,-1.07,,1.79
2023-03-09,,,,,-0.97,,1.85
2023-03-10,,,,,-0.9,,1.96
2023-03-13,,,,,-0.48,,2.14
2023-03-14,,,,,-0.56,,2.11
2023-03-15,,,,,-0.42,,2.22
2023-03-16,,,,,-0.58,,2.16
2023-03-17,,,,,-0.42,,2.21
2023-03-20,,,,,-0.45,,2.19
2023-03-21,,,,,-0.58,,2.11
2023-03-22,,,,,-0.48,,2.16
2023-03-23,,,,,-0.38,,2.26
2023-03-24,,,,,-0.38,,2.24
2023-03-27,,,,,-0.41,,2.19
2023-03-28,,,,,-0.47,,2.19
2023-03-29,,,,,-0.51,,2.15
2023-03-30,,,,,-0.55,,2.11
2023-03-31,,,,,-0.58,,2.11
2023-04-01,27453.815,302.858,3.4,4.83,,20712.0,
2023-04-03,,,,,-0.54,,2.11
2023-04-04,,,,,-0.49,,2.1
2023-04-05,,,,,-0.49,,2.14
2023-04-06,,,,,-0.52,,2.11
2023-04-07,,,,,-0.58,,
2023-04-10,,,,,-0.59,,2.09
2023-04-11,,,,,-0.6,,2.05
2023-04-12,,,,,-0.54,,2.08
2023-04-13,,,,,-0.51,,2.07
2023-04-14,,,,,-0.56,,2.05
2023-04-17,,,,,-0.58,,2.02
2023-04-18,,,,,-0.61,,2.01
2023-04-19,,,,,-0.64,,2.01
2023-04-20,,,,,-0.6,,2.05
2023-04-21,,,,,-0.6,,2.04
2023-04-24,,,,,-0.6,,2.04
2023-04-25,,,,,-0.46,,2.09
2023-04-26,,,,,-0.47,,2.11
2023-04-27,,,,,-0.54,,2.07
2023-04-28,,,,,-0.6,,2.08
2023-05-01,,303.316,3.6,5.06,-0.55,20804.6,2.06
2023-05-02,,,,,-0.53,,2.16
2023-05-03,,,,,-0.51,,2.2
2023-05-04,,,,,-0.38,,2.24
2023-05-05,,,,,-0.48,,2.2
2023-05-08,,,,,-0.48,,2.2
2023-05-09,,,,,-0.48,,2.21
2023-05-10,,,,,-0.47,,2.26
2023-05-11,,,,,-0.5,,2.25
2023-05-12,,,,,-0.52,,2.21
2023-05-15,,,,,-0.49,,2.27
2023-05-16,,,,,-0.52,,2.28
2023-05-17,,,,,-0.55,,2.26
2023-05-18,,,,,-0.59,,2.2
2023-05-19,,,,,-0.58,,2.18
2023-05-22,,,,,-0.57,,2.19
2023-05-23,,,,,-0.56,,2.19
2023-05-24,,,,,-0.58,,2.18
2023-05-25,,,,,-0.67,,2.1
2023-05-26,,,,,-0.74,,2.1
2023-05-29,,,,,,,
2023-05-30,,,,,-0.77,,2.14
2023-05-31,,,,,-0.76,,2.16
2023-06-01,,304.099,3.6,5.08,-0.72,20788.4,2.15
2023-06-02,,,,,-0.81,,2.11
2023-06-05,,,,,-0.77,,2.1
2023-06-06,,,,,-0.81,,2.08
2023-06-07,,,,,-0.77,,2.06
2023-06-08,,,,,-0.79,,2.07
2023-06-09,,,,,-0.84,,2.05
2023-06-12,,,,,-0.82,,2.1
2023-06-13,,,,,-0.83,,2.0
2023-06-14,,,,,-0.91,,1.94
2023-06-15,,,,,-0.9,,2.02
2023-06-16,,,,,-0.93,,1.96
2023-06-19,,,,,,,
2023-06-20,,,,,-0.94,,1.95
2023-06-21,,,,,-0.96,,1.96
2023-06-22,,,,,-0.97,,1.94
2023-06-23,,,,,-0.97,,1.96
2023-06-26,,,,,-0.93,,1.98
2023-06-27,,,,,-0.97,,1.94
2023-06-28,,,,,-1.0,,1.96
2023-06-29,,,,,-1.02,,1.92
2023-06-30,,,,,-1.06,,1.88
2023-07-01,27967.697,304.615,3.5,5.12,,20762.6,
2023-07-03,,,,,-1.08,,1.85
2023-07-04,,,,,,,
2023-07-05,,,,,-0.99,,1.83
2023-07-06,,,,,-0.94,,1.8
2023-07-07,,,,,-0.88,,1.81
2023-07-10,,,,,-0.84,,1.86
2023-07-11,,,,,-0.89,,1.84
2023-07-12,,,,,-0.86,,1.88
2023-07-13,,,,,-0.83,,1.91
2023-07-14,,,,,-0.91,,1.87
2023-07-17,,,,,-0.93,,1.9
2023-07-18,,,,,-0.94,,1.89
2023-07-19,,,,,-0.99,,1.87
2023-07-20,,,,,-0.95,,1.85
2023-07-21,,,,,-0.98,,1.85
2023-07-24,,,,,-0.95,,1.84
2023-07-25,,,,,-0.94,,1.81
2023-07-26,,,,,-0.96,,1.83
2023-07-27,,,,,-0.9,,1.78
2023-07-28,,,,,-0.91,,1.8
2023-07-31,,,,,-0.91,,1.77
2023-08-01,,306.138,3.7,5.33,-0.87,20735.0,1.77
2023-08-02,,,,,-0.8,,1.82
2023-08-03,,,,,-0.7,,1.84
2023-08-04,,,,,-0.73,,1.9
2023-08-07,,,,,-0.67,,1.9
2023-08-08,,,,,-0.72,,1.93
2023-08-09,,,,,-0.79,,1.92
2023-08-10,,,,,-0.73,,1.89
2023-08-11,,,,,-0.73,,1.87
2023-08-14,,,,,-0.77,,1.84
2023-08-15,,,,,-0.71,,1.86
2023-08-16,,,,,-0.69,,1.84
2023-08-17,,,,,-0.64,,1.87
2023-08-18,,,,,-0.66,,1.89
2023-08-21,,,,,-0.63,,1.88
2023-08-22,,,,,-0.68,,1.82
2023-08-23,,,,,-0.76,,1.83
2023-08-24,,,,,-0.75,,1.8
2023-08-25,,,,,-0.78,,1.76
2023-08-28,,,,,-0.78,,1.82
2023-08-29,,,,,-0.75,,1.84
2023-08-30,,,,,-0.78,,1.82
2023-08-31,,,,,-0.76,,1.83
2023-09-01,,307.374,3.8,5.33,-0.69,20681.4,1.82
2023-09-04,,,,,,,
2023-09-05,,,,,-0.67,,1.84
2023-09-06,,,,,-0.71,,1.79
2023-09-07,,,,,-0.67,,1.81
2023-09-08,,,,,-0.72,,1.79
2023-09-11,,,,,-0.68,,1.8
2023-09-12,,,,,-0.71,,1.79
2023-09-13,,,,,-0.71,,1.81
2023-09-14,,,,,-0.71,,1.8
2023-09-15,,,,,-0.69,,1.78
2023-09-18,,,,,-0.73,,1.77
2023-09-19,,,,,-0.71,,1.75
2023-09-20,,,,,-0.77,,1.73
2023-09-21,,,,,-0.63,,1.66
2023-09-22,,,,,-0.66,,1.73
2023-09-25,,,,,-0.54,,1.75
2023-09-26,,,,,-0.48,,1.77
2023-09-27,,,,,-0.49,,1.77
2023-09-28,,,,,-0.45,,1.8
2023-09-29,,,,,-0.44,,1.78
2023-10-01,28296.967,307.653,3.9,5.33,,20662.5,
2023-10-02,,,,,-0.43,,1.78
2023-10-03,,,,,-0.34,,1.82
2023-10-04,,,,,-0.32,,1.83
2023-10-05,,,,,-0.31,,1.85
2023-10-06,,,,,-0.3,,1.84
2023-10-09,,,,,,,
2023-10-10,,,,,-0.3,,1.83
2023-10-11,,,,,-0.41,,1.82
2023-10-12,,,,,-0.36,,1.83
2023-10-13,,,,,-0.41,,1.82
2023-10-16,,,,,-0.38,,1.83
2023-10-17,,,,,-0.36,,1.8
2023-10-18,,,,,-0.28,,1.78
2023-10-19,,,,,-0.16,,1.82
2023-10-20,,,,,-0.14,,1.88
2023-10-23,,,,,-0.19,,1.85
2023-10-24,,,,,-0.19,,1.84
2023-10-25,,,,,-0.13,,1.83
2023-10-26,,,,,-0.16,,1.82
2023-10-27,,,,,-0.15,,1.88
2023-10-30,,,,,-0.15,,1.86
2023-10-31,,,,,-0.19,,1.85
2023-11-01,,308.087,3.7,5.33,-0.18,20675.7,1.91
2023-11-02,,,,,-0.31,,1.84
2023-11-03,,,,,-0.26,,1.86
2023-11-06,,,,,-0.26,,1.84
2023-11-07,,,,,-0.33,,1.83
2023-11-08,,,,,-0.44,,1.84
2023-11-09,,,,,-0.41,,1.83
2023-11-10,,,,,-0.43,,1.8
2023-11-13,,,,,-0.39,,1.79
2023-11-14,,,,,-0.36,,1.83
2023-11-15,,,,,-0.37,,1.8
2023-11-16,,,,,-0.38,,1.81
2023-11-17,,,,,-0.44,,1.78
2023-11-20,,,,,-0.47,,1.76
2023-11-21,,,,,-0.45,,1.77
2023-11-22,,,,,-0.47,,1.71
2023-11-23,,,,,,,
2023-11-24,,,,,-0.45,,1.72
2023-11-27,,,,,-0.45,,1.71
2023-11-28,,,,,-0.39,,1.75
2023-11-29,,,,,-0.37,,1.72
2023-11-30,,,,,-0.36,,1.67
2023-12-01,,308.735,3.8,5.33,-0.34,20725.4,1.71
2023-12-04,,,,,-0.36,,1.67
2023-12-05,,,,,-0.39,,1.65
2023-12-06,,,,,-0.48,,1.63
2023-12-07,,,,,-0.44,,1.63
2023-12-08,,,,,-0.48,,1.61
2023-12-11,,,,,-0.48,,1.61
2023-12-12,,,,,-0.53,,1.6
2023-12-13,,,,,-0.42,,1.61
2023-12-14,,,,,-0.45,,1.57
2023-12-15,,,,,-0.53,,1.57
2023-12-18,,,,,-0.48,,1.58
2023-12-19,,,,,-0.48,,1.57
2023-12-20,,,,,-0.48,,1.63
2023-12-21,,,,,-0.44,,1.64
2023-12-22,,,,,-0.41,,1.65
2023-12-25,,,,,,,
2023-12-26,,,,,-0.37,,1.64
2023-12-27,,,,,-0.41,,1.64
2023-12-28,,,,,-0.42,,1.62
2023-12-29,,,,,-0.35,,1.61
2024-01-01,28624.069,309.794,3.7,5.33,,20726.1,
2024-01-02,,,,,-0.38,,1.62
2024-01-03,,,,,-0.42,,1.66
2024-01-04,,,,,-0.39,,1.65
2024-01-05,,,,,-0.35,,1.65
2024-01-08,,,,,-0.35,,1.65
2024-01-09,,,,,-0.34,,1.63
2024-01-10,,,,,-0.33,,1.59
2024-01-11,,,,,-0.28,,1.63
2024-01-12,,,,,-0.18,,1.64
2024-01-15,,,,,,,
2024-01-16,,,,,-0.15,,1.65
2024-01-17,,,,,-0.24,,1.63
2024-01-18,,,,,-0.2,,1.62
2024-01-19,,,,,-0.24,,1.59
2024-01-22,,,,,-0.26,,1.59
2024-01-23,,,,,-0.17,,1.62
2024-01-24,,,,,-0.16,,1.61
2024-01-25,,,,,-0.14,,1.6
2024-01-26,,,,,-0.19,,1.58
2024-01-29,,,,,-0.21,,1.6
2024-01-30,,,,,-0.3,,1.58
2024-01-31,,,,,-0.28,,1.61
2024-02-01,,311.022,3.9,5.33,-0.33,20762.0,1.63
2024-02-02,,,,,-0.33,,1.59
2024-02-05,,,,,-0.29,,1.56
2024-02-06,,,,,-0.3,,1.58
2024-02-07,,,,,-0.32,,1.6
2024-02-08,,,,,-0.31,,1.6
2024-02-09,,,,,-0.31,,1.59
2024-02-12,,,,,-0.29,,1.58
2024-02-13,,,,,-0.33,,1.54
2024-02-14,,,,,-0.29,,1.56
2024-02-15,,,,,-0.32,,1.57
2024-02-16,,,,,-0.34,,1.53
2024-02-19,,,,,,,
2024-02-20,,,,,-0.32,,1.56
2024-02-21,,,,,-0.32,,1.54
2024-02-22,,,,,-0.36,,1.49
2024-02-23,,,,,-0.41,,1.49
