"Date","Price","Open","High","Low","Vol.","Change %"
"01/23/2014","97.32","96.69","97.84","96.41","274.08K","0.61%"
"01/22/2014","96.73","95.20","96.89","95.12","252.35K","1.83%"
"01/21/2014","94.99","94.00","95.23","93.43","35.63K","1.12%"
"01/20/2014","93.93","94.31","94.31","93.66","","-0.46%"
"01/17/2014","94.37","94.17","94.94","93.94","119.89K","0.44%"
"01/16/2014","93.96","94.29","94.64","93.60","165.14K","-0.22%"
"01/15/2014","94.17","92.65","94.64","92.43","263.30K","1.71%"
"01/14/2014","92.59","91.51","92.88","91.50","243.47K","0.86%"
"01/13/2014","91.80","92.83","92.88","91.43","212.21K","-0.99%"
"01/10/2014","92.72","92.30","93.38","91.99","255.99K","1.16%"
"01/09/2014","91.66","92.58","92.93","91.24","255.78K","-0.73%"
"01/08/2014","92.33","93.96","94.18","92.26","244.86K","-1.43%"
"01/07/2014","93.67","93.60","94.22","93.35","177.18K","0.26%"
"01/06/2014","93.43","94.18","94.59","93.20","189.38K","-0.56%"
"01/03/2014","93.96","95.47","95.74","93.86","215.52K","-1.55%"
"01/02/2014","95.44","98.50","98.97","95.34","251.25K","-3.30%"
"01/01/2014","98.70","98.61","98.76","98.54","","0.28%"
"12/31/2013","98.42","99.25","99.39","98.15","113.91K","-0.88%"
"12/30/2013","99.29","100.15","100.42","99.13","118.36K","-1.03%"
"12/27/2013","100.32","99.63","100.75","99.37","127.20K","0.77%"
"12/26/2013","99.55","99.20","99.70","99.05","65.67K","0.33%"
"12/24/2013","99.22","98.62","99.30","98.53","51.88K","0.31%"
"12/23/2013","98.91","99.20","99.31","98.64","107.27K","-0.41%"
"12/20/2013","99.32","98.70","99.40","98.54","151.28K","0.56%"
"12/19/2013","98.77","97.69","99.17","97.50","23.58K","0.99%"
"12/18/2013","97.80","97.30","98.01","97.02","84.63K","0.60%"
"12/17/2013","97.22","97.30","97.90","97.00","120.13K","-0.27%"
"12/16/2013","97.48","96.55","97.69","96.21","187.59K","0.91%"
"12/13/2013","96.60","97.58","97.62","96.26","233.16K","-0.92%"
"12/12/2013","97.50","97.55","98.18","97.31","205.75K","0.06%"
"12/11/2013","97.44","98.65","98.75","97.20","274.19K","-1.09%"
"12/10/2013","98.51","97.25","98.74","97.24","264.84K","1.20%"
"12/09/2013","97.34","97.66","97.97","97.10","210.09K","-0.32%"
"12/06/2013","97.65","97.38","98.07","97.08","223.94K","0.28%"
"12/05/2013","97.38","97.33","97.99","97.01","216.39K","0.19%"
"12/04/2013","97.20","96.90","97.58","96.30","325.86K","1.21%"
"12/03/2013","96.04","93.86","96.96","93.67","319.27K","2.37%"
"12/02/2013","93.82","92.71","94.08","92.56","234.80K","1.19%"
"11/29/2013","92.72","92.33","93.90","92.06","143.21K","0.48%"
"11/28/2013","92.28","92.19","92.36","92.08","","-0.03%"
"11/27/2013","92.30","93.50","93.60","91.77","230.88K","-1.47%"
"11/26/2013","93.68","94.21","94.69","93.43","160.18K","-0.44%"
"11/25/2013","94.09","94.15","94.50","93.08","270.86K","-0.79%"
"11/22/2013","94.84","95.29","95.57","94.05","257.84K","-0.63%"
"11/21/2013","95.44","93.73","95.63","93.47","222.14K","2.26%"
"11/20/2013","93.33","93.33","93.93","92.73","27.44K","-0.01%"
"11/19/2013","93.34","93.00","93.46","92.43","131.46K","0.33%"
"11/18/2013","93.03","93.78","94.30","92.72","169.44K","-0.86%"
"11/15/2013","93.84","93.89","94.55","93.58","204.37K","0.09%"
"11/14/2013","93.76","93.50","94.43","92.51","315.07K","-0.13%"
"11/13/2013","93.88","93.07","94.54","92.93","305.01K","0.90%"
"11/12/2013","93.04","95.00","95.22","92.86","353.69K","-2.21%"
"11/11/2013","95.14","94.45","95.38","94.11","206.72K","0.57%"
"11/08/2013","94.60","94.36","94.92","93.90","241.69K","0.42%"
"11/07/2013","94.20","94.91","95.31","93.80","260.60K","-0.63%"
"11/06/2013","94.80","93.74","95.40","93.65","282.72K","1.53%"
"11/05/2013","93.37","94.47","94.90","93.07","226.45K","-1.32%"
"11/04/2013","94.62","94.52","95.11","94.06","219.11K","0.01%"
"11/01/2013","94.61","96.32","96.65","94.36","282.14K","-1.84%"
"10/31/2013","96.38","96.62","97.03","96.03","255.40K","-0.40%"
"10/30/2013","96.77","97.77","97.82","96.55","268.14K","-1.46%"
"10/29/2013","98.20","98.54","98.57","97.69","183.24K","-0.49%"
"10/28/2013","98.68","97.88","98.82","97.37","230.16K","0.85%"
"10/25/2013","97.85","97.19","98.06","96.99","192.63K","0.76%"
"10/24/2013","97.11","97.10","97.69","95.95","248.74K","0.26%"
"10/23/2013","96.86","98.12","98.29","96.16","356.19K","-0.96%"
"10/22/2013","97.80","99.06","99.77","97.50","30.73K","-1.43%"
"10/21/2013","99.22","100.63","100.95","98.98","90.82K","-1.58%"
"10/18/2013","100.81","100.72","101.71","100.51","116.68K","0.14%"
"10/17/2013","100.67","102.13","102.32","100.03","266.63K","-1.58%"
"10/16/2013","102.29","100.88","102.97","100.75","235.24K","1.07%"
"10/15/2013","101.21","102.19","102.46","100.87","240.22K","-1.17%"
"10/14/2013","102.41","101.37","102.62","101.06","170.67K","0.38%"
"10/11/2013","102.02","102.94","102.95","100.60","298.22K","-0.96%"
"10/10/2013","103.01","101.46","103.57","101.16","296.86K","1.38%"
"10/09/2013","101.61","103.49","103.75","101.18","283.13K","-1.82%"
"10/08/2013","103.49","103.16","104.08","102.85","194.20K","0.45%"
"10/07/2013","103.03","103.45","103.74","101.86","269.03K","-0.78%"
"10/04/2013","103.84","102.92","104.19","102.90","165.20K","0.51%"
"10/03/2013","103.31","103.82","104.38","102.87","226.23K","-0.76%"
"10/02/2013","104.10","101.62","104.23","101.43","300.53K","2.02%"
"10/01/2013","102.04","102.31","102.58","101.06","223.03K","-0.28%"
"09/30/2013","102.33","102.46","102.76","101.05","226.71K","-0.52%"
"09/27/2013","102.87","102.91","103.77","102.36","232.30K","-0.16%"
"09/26/2013","103.03","102.30","103.29","102.20","183.78K","0.36%"
"09/25/2013","102.66","103.41","103.96","102.20","236.20K","-0.46%"
"09/24/2013","103.13","103.44","103.64","102.30","259.54K","-0.44%"
"09/23/2013","103.59","104.89","105.12","103.12","223.39K","-1.04%"
"09/20/2013","104.68","106.37","106.46","104.32","39.27K","-1.61%"
"09/19/2013","106.39","108.22","108.99","106.08","139.84K","-1.55%"
"09/18/2013","108.07","105.53","108.49","105.32","199.89K","2.51%"
"09/17/2013","105.42","106.22","106.43","104.94","304.85K","-1.10%"
"09/16/2013","106.59","107.50","108.00","106.06","282.89K","-1.50%"
"09/13/2013","108.21","108.64","108.74","107.23","207.04K","-0.36%"
"09/12/2013","108.60","107.77","109.16","107.30","249.78K","0.97%"
"09/11/2013","107.56","107.36","108.09","106.53","238.24K","0.16%"
"09/10/2013","107.39","108.92","108.95","106.39","325.31K","-1.94%"
"09/09/2013","109.52","110.28","110.46","108.76","266.92K","-0.91%"
"09/06/2013","110.53","108.52","110.70","108.12","269.87K","1.99%"
"09/05/2013","108.37","107.59","108.54","107.13","184.89K","1.06%"
"09/04/2013","107.23","108.44","108.61","106.77","224.38K","-1.21%"
"09/03/2013","108.54","107.07","108.83","104.21","288.02K","1.68%"
"09/02/2013","106.75","105.91","107.29","105.86","","-0.84%"
"08/30/2013","107.65","108.17","108.75","106.75","239.63K","-1.06%"
"08/29/2013","108.80","109.53","110.07","107.72","250.04K","-1.18%"
"08/28/2013","110.10","109.22","112.24","109.11","336.17K","1.00%"
"08/27/2013","109.01","106.14","109.32","105.88","295.93K","2.92%"
"08/26/2013","105.92","106.91","107.37","105.56","166.00K","-0.47%"
"08/23/2013","106.42","105.22","106.94","104.30","259.55K","1.32%"
"08/22/2013","105.03","103.86","105.25","103.53","204.69K","1.14%"
"08/21/2013","103.85","105.18","105.35","103.50","259.24K","-1.06%"
"08/20/2013","104.96","106.93","107.10","104.50","39.88K","-2.00%"
"08/19/2013","107.10","107.78","107.80","106.56","102.78K","-0.34%"
"08/16/2013","107.46","107.18","108.17","106.56","179.86K","0.12%"
"08/15/2013","107.33","106.98","107.87","106.60","251.87K","0.45%"
"08/14/2013","106.85","106.54","107.06","105.60","270.92K","0.02%"
"08/13/2013","106.83","106.15","107.20","105.56","276.77K","0.68%"
"08/12/2013","106.11","105.84","106.46","105.03","257.14K","0.13%"
"08/09/2013","105.97","103.87","106.24","103.62","303.80K","2.49%"
"08/08/2013","103.40","104.18","104.96","102.22","320.07K","-0.93%"
"08/07/2013","104.37","105.68","105.77","104.10","294.24K","-0.88%"
"08/06/2013","105.30","106.48","107.27","104.86","273.00K","-1.18%"
"08/05/2013","106.56","106.84","107.69","105.70","204.86K","-0.36%"
"08/02/2013","106.94","107.80","108.82","106.45","249.31K","-0.88%"
"08/01/2013","107.89","105.26","108.06","105.10","267.59K","2.72%"
"07/31/2013","105.03","103.15","105.43","102.93","299.13K","1.89%"
"07/30/2013","103.08","104.52","104.54","102.67","235.61K","-1.41%"
"07/29/2013","104.55","104.61","105.37","103.87","206.33K","-0.14%"
"07/26/2013","104.70","105.56","105.63","103.90","208.86K","-0.75%"
"07/25/2013","105.49","105.37","105.87","104.08","270.58K","0.09%"
"07/24/2013","105.39","107.36","107.52","104.79","278.26K","-1.72%"
"07/23/2013","107.23","107.00","107.55","105.46","241.64K","0.30%"
"07/22/2013","106.91","108.34","108.79","106.43","29.38K","-1.06%"
"07/19/2013","108.05","108.12","109.32","107.48","112.37K","0.01%"
"07/18/2013","108.04","106.56","108.43","106.15","155.96K","1.47%"
"07/17/2013","106.48","105.78","106.60","105.11","262.79K","0.45%"
"07/16/2013","106.00","106.44","107.18","105.66","250.92K","-0.30%"
"07/15/2013","106.32","106.05","106.63","104.65","210.81K","0.35%"
"07/12/2013","105.95","104.58","106.33","104.36","234.76K","0.99%"
"07/11/2013","104.91","106.15","107.45","104.31","316.73K","-1.51%"
"07/10/2013","106.52","104.57","106.66","104.21","404.82K","2.89%"
"07/09/2013","103.53","103.00","104.76","102.31","285.67K","0.38%"
"07/08/2013","103.14","103.95","104.12","102.13","253.20K","-0.08%"
"07/05/2013","103.22","101.09","103.68","100.71","256.03K","1.79%"
"07/04/2013","101.40","101.27","101.57","100.71","","0.16%"
"07/03/2013","101.24","99.61","102.18","99.59","353.25K","1.65%"
"07/02/2013","99.60","98.06","99.87","97.78","285.78K","1.64%"
"07/01/2013","97.99","96.58","98.28","96.07","229.19K","1.48%"
"06/28/2013","96.56","96.81","97.82","96.33","247.61K","-0.50%"
"06/27/2013","97.05","95.52","97.41","95.35","269.31K","1.62%"
"06/26/2013","95.50","95.17","95.70","93.68","291.42K","0.19%"
"06/25/2013","95.32","95.02","96.17","94.59","267.54K","0.15%"
"06/24/2013","95.18","93.85","95.59","92.67","315.82K","1.59%"
"06/21/2013","93.69","94.96","95.84","93.12","340.90K","-1.79%"
"06/20/2013","95.40","98.02","98.03","94.89","26.73K","-2.89%"
"06/19/2013","98.24","98.59","99.01","97.57","111.30K","-0.20%"
"06/18/2013","98.44","97.93","98.67","97.41","145.62K","0.69%"
"06/17/2013","97.77","97.85","98.74","97.38","242.79K","-0.08%"
"06/14/2013","97.85","96.64","98.25","96.42","240.91K","1.20%"
"06/13/2013","96.69","95.77","96.92","95.02","224.45K","0.84%"
"06/12/2013","95.88","94.89","96.45","94.46","244.87K","0.52%"
"06/11/2013","95.38","95.76","95.91","94.04","257.47K","-0.41%"
"06/10/2013","95.77","96.09","96.25","95.19","234.60K","-0.27%"
"06/07/2013","96.03","94.72","96.39","93.72","330.83K","1.34%"
"06/06/2013","94.76","93.70","95.32","93.69","267.16K","1.09%"
"06/05/2013","93.74","93.86","94.48","93.41","268.91K","0.46%"
"06/04/2013","93.31","93.35","94.41","92.38","301.14K","-0.15%"
"06/03/2013","93.45","91.73","93.70","91.26","287.47K","1.61%"
"05/31/2013","91.97","93.64","93.85","91.56","267.98K","-1.75%"
"05/30/2013","93.61","92.89","93.99","91.65","294.86K","0.52%"
"05/29/2013","93.13","95.05","95.22","92.83","293.46K","-1.98%"
"05/28/2013","95.01","93.89","95.92","93.23","240.99K","1.25%"
"05/27/2013","93.83","93.54","94.03","93.25","","-0.33%"
"05/24/2013","94.15","94.37","94.39","93.04","203.99K","-0.11%"
"05/23/2013","94.25","94.18","94.46","92.21","323.63K","-0.03%"
"05/22/2013","94.28","95.90","96.19","94.01","336.50K","-1.96%"
"05/21/2013","96.16","96.70","96.97","95.50","259.16K","-0.57%"
"05/20/2013","96.71","95.93","97.11","95.23","118.62K","0.72%"
"05/17/2013","96.02","95.15","96.45","94.79","187.75K","0.90%"
"05/16/2013","95.16","94.34","95.57","93.23","297.86K","0.91%"
"05/15/2013","94.30","94.13","94.44","92.13","360.68K","0.10%"
"05/14/2013","94.21","94.93","95.66","93.85","269.40K","-1.01%"
"05/13/2013","95.17","95.76","95.81","94.47","297.04K","-0.91%"
"05/10/2013","96.04","96.16","96.24","93.37","354.12K","-0.36%"
"05/09/2013","96.39","96.60","96.77","95.35","272.20K","-0.24%"
"05/08/2013","96.62","95.56","96.77","95.24","276.32K","1.05%"
"05/07/2013","95.62","95.79","96.26","94.92","260.14K","-0.56%"
"05/06/2013","96.16","95.58","97.17","94.85","271.00K","0.58%"
"05/03/2013","95.61","93.99","96.04","93.56","297.52K","1.72%"
"05/02/2013","93.99","91.00","94.25","90.65","310.81K","3.25%"
"05/01/2013","91.03","93.08","93.26","90.11","332.38K","-2.60%"
"04/30/2013","93.46","94.42","94.62","92.86","277.50K","-1.10%"
"04/29/2013","94.50","92.70","94.69","92.43","214.61K","1.61%"
"04/26/2013","93.00","93.24","93.58","92.06","240.97K","-0.68%"
"04/25/2013","93.64","91.58","93.87","91.11","270.12K","2.42%"
"04/24/2013","91.43","89.60","91.72","89.21","257.74K","2.52%"
"04/23/2013","89.18","89.28","89.60","87.80","288.80K","0.47%"
"04/22/2013","88.76","87.96","89.13","87.55","35.73K","0.85%"
"04/19/2013","88.01","88.37","88.79","87.56","100.65K","0.32%"
"04/18/2013","87.73","86.39","88.51","85.61","228.20K","1.21%"
"04/17/2013","86.68","88.80","89.09","86.06","294.27K","-2.30%"
"04/16/2013","88.72","87.42","88.96","86.06","287.41K","0.01%"
"04/15/2013","88.71","90.95","90.98","87.20","362.52K","-2.83%"
"04/12/2013","91.29","93.49","93.52","90.27","325.58K","-2.37%"
"04/11/2013","93.51","94.56","94.64","93.06","222.44K","-1.19%"
"04/10/2013","94.64","93.96","94.82","93.40","248.56K","0.47%"
"04/09/2013","94.20","93.49","94.48","92.86","234.72K","0.90%"
"04/08/2013","93.36","93.02","93.75","92.46","212.12K","0.71%"
"04/05/2013","92.70","93.36","93.57","91.91","267.28K","-0.60%"
"04/04/2013","93.26","94.50","94.84","92.12","355.32K","-1.26%"
"04/03/2013","94.45","96.93","96.96","94.18","302.24K","-2.82%"
"04/02/2013","97.19","97.00","97.44","95.91","209.88K","0.12%"
"04/01/2013","97.07","97.36","97.80","95.92","192.40K","-0.16%"
"03/28/2013","97.23","96.68","97.35","96.26","174.39K","0.67%"
"03/27/2013","96.58","96.18","96.84","95.58","207.78K","0.25%"
"03/26/2013","96.34","94.75","96.45","94.67","214.35K","1.61%"
"03/25/2013","94.81","93.72","95.65","93.70","270.65K","1.17%"
"03/22/2013","93.71","92.33","93.94","92.33","202.67K","1.36%"
"03/21/2013","92.45","93.40","93.53","91.84","214.13K","-0.55%"
"03/20/2013","92.96","92.09","93.28","92.09","27.76K","0.87%"
"03/19/2013","92.16","93.80","94.09","92.03","96.80K","-1.69%"
"03/18/2013","93.74","93.26","93.94","91.76","151.21K","0.31%"
"03/15/2013","93.45","93.15","93.84","93.00","175.61K","0.45%"
"03/14/2013","93.03","92.51","93.25","92.01","174.70K","0.55%"
"03/13/2013","92.52","92.62","93.40","91.91","251.34K","-0.02%"
"03/12/2013","92.54","91.94","93.47","91.60","283.11K","0.52%"
"03/11/2013","92.06","91.83","92.15","90.89","194.61K","0.12%"
"03/08/2013","91.95","91.42","92.03","90.83","219.96K","0.43%"
"03/07/2013","91.56","90.42","91.73","90.22","234.92K","1.25%"
"03/06/2013","90.43","90.83","91.17","89.55","244.17K","-0.43%"
"03/05/2013","90.82","90.23","90.99","90.02","209.87K","0.78%"
"03/04/2013","90.12","90.71","90.91","89.33","231.11K","-0.62%"
"03/01/2013","90.68","91.76","91.97","90.04","248.47K","-1.49%"
"02/28/2013","92.05","92.89","93.18","91.57","218.12K","-0.77%"
"02/27/2013","92.76","92.72","93.37","92.18","201.51K","0.14%"
"02/26/2013","92.63","91.92","93.44","91.92","230.84K","-0.52%"
"02/25/2013","93.11","93.23","94.46","92.07","217.52K","-0.02%"
"02/22/2013","93.13","92.96","93.48","92.44","204.26K","0.31%"
"02/21/2013","92.84","94.72","94.92","92.63","286.43K","-1.72%"
"02/20/2013","94.46","96.66","97.07","93.92","30.29K","-2.28%"
"02/19/2013","96.66","95.97","96.73","95.25","118.31K","0.83%"
"02/15/2013","95.86","97.34","97.47","95.21","223.59K","-1.49%"
"02/14/2013","97.31","97.17","97.71","96.77","174.60K","0.31%"
"02/13/2013","97.01","97.59","98.11","96.63","246.44K","-0.51%"
"02/12/2013","97.51","96.96","97.79","96.68","239.80K","0.49%"
"02/11/2013","97.03","95.79","97.09","94.97","283.96K","1.37%"
"02/08/2013","95.72","95.92","96.57","95.27","229.24K","-0.11%"
"02/07/2013","95.83","96.86","97.21","95.54","275.47K","-0.82%"
"02/06/2013","96.62","96.64","96.99","95.04","282.80K","-0.02%"
"02/05/2013","96.64","96.13","97.07","95.91","188.84K","0.49%"
"02/04/2013","96.17","97.72","97.76","95.89","196.98K","-1.64%"
"02/01/2013","97.77","97.42","98.15","96.51","270.28K","0.29%"
"01/31/2013","97.49","97.96","98.04","96.84","230.63K","-0.46%"
"01/30/2013","97.94","97.32","98.24","97.32","211.28K","0.38%"
"01/29/2013","97.57","96.46","97.82","96.29","252.93K","1.17%"
"01/28/2013","96.44","96.04","96.81","95.47","167.19K","0.58%"
"01/25/2013","95.88","95.95","96.56","95.43","184.87K","-0.07%"
"01/24/2013","95.95","95.50","96.68","95.12","232.04K","0.76%"
"01/23/2013","95.23","96.76","96.92","94.95","318.01K","-1.05%"
"01/22/2013","96.24","95.25","96.38","94.98","37.96K","0.71%"
"01/18/2013","95.56","95.19","95.67","94.91","118.55K","0.07%"
"01/17/2013","95.49","94.19","96.04","93.80","178.29K","1.33%"
"01/16/2013","94.24","93.40","94.36","93.10","241.53K","1.03%"
"01/15/2013","93.28","94.20","94.44","93.22","248.14K","-0.91%"
"01/14/2013","94.14","93.74","94.29","92.95","248.60K","0.62%"
"01/11/2013","93.56","93.87","94.13","92.65","257.82K","-0.28%"
"01/10/2013","93.82","93.19","94.70","93.08","279.30K","0.77%"
"01/09/2013","93.10","93.15","93.65","92.68","201.39K","-0.05%"
"01/08/2013","93.15","93.32","93.80","92.67","195.87K","-0.04%"
"01/07/2013","93.19","93.21","93.35","92.42","166.29K","0.11%"
"01/04/2013","93.09","92.86","93.21","91.52","210.75K","0.18%"
"01/03/2013","92.92","92.91","93.30","92.49","189.81K","-0.21%"
"01/02/2013","93.12","91.78","93.87","91.56","203.87K","1.42%"
"12/31/2012","91.82","90.41","91.99","90.00","119.53K","1.12%"
"12/28/2012","90.80","91.15","91.49","90.32","131.37K","-0.08%"
"12/27/2012","90.87","91.00","91.44","90.05","152.77K","-0.12%"
"12/26/2012","90.98","88.62","91.30","88.59","141.60K","2.67%"
"12/24/2012","88.61","88.60","88.86","88.20","48.52K","-0.06%"
"12/21/2012","88.66","90.02","90.07","87.96","180.38K","-1.63%"
"12/20/2012","90.13","89.69","90.54","89.26","178.14K","0.69%"
"12/19/2012","89.51","87.94","89.90","87.81","36.81K","1.80%"
"12/18/2012","87.93","87.45","88.16","87.21","93.13K","0.84%"
"12/17/2012","87.20","86.88","87.71","86.48","157.23K","0.54%"
"12/14/2012","86.73","86.13","86.92","86.05","218.27K","0.98%"
"12/13/2012","85.89","86.77","86.97","85.81","228.42K","-1.01%"
"12/12/2012","86.77","85.69","87.68","85.68","300.35K","1.14%"
"12/11/2012","85.79","85.70","86.37","85.21","217.86K","0.27%"
"12/10/2012","85.56","85.98","86.78","85.33","211.60K","-0.43%"
"12/07/2012","85.93","86.39","86.92","85.77","244.99K","-0.38%"
"12/06/2012","86.26","87.87","88.23","85.68","269.29K","-1.84%"
"12/05/2012","87.88","88.50","89.05","87.46","220.85K","-0.70%"
"12/04/2012","88.50","88.93","89.18","87.57","206.27K","-0.66%"
"12/03/2012","89.09","88.85","90.33","88.66","235.99K","0.20%"
"11/30/2012","88.91","87.66","88.99","87.47","216.21K","0.95%"
"11/29/2012","88.07","86.57","88.69","86.55","270.03K","1.83%"
"11/28/2012","86.49","87.33","87.34","85.36","249.74K","-0.79%"
"11/27/2012","87.18","87.82","88.25","86.83","210.47K","-0.64%"
"11/26/2012","87.74","88.21","88.29","87.27","156.59K","-0.61%"
"11/23/2012","88.28","87.68","88.53","86.71","104.94K","1.03%"
"11/21/2012","87.38","87.28","87.89","86.37","220.98K","0.73%"
"11/20/2012","86.75","89.15","89.19","86.17","322.63K","-2.83%"
"11/19/2012","89.28","87.30","89.80","87.11","247.08K","3.01%"
"11/16/2012","86.67","85.28","87.01","85.02","40.71K","1.43%"
"11/15/2012","85.45","86.36","86.83","84.68","168.10K","-1.01%"
"11/14/2012","86.32","85.37","86.65","84.93","265.31K","1.10%"
"11/13/2012","85.38","85.59","85.95","84.57","352.25K","-0.22%"
"11/12/2012","85.57","86.19","86.54","85.27","280.69K","-0.58%"
"11/09/2012","86.07","85.00","86.77","84.13","322.40K","1.15%"
"11/08/2012","85.09","84.52","85.70","84.22","296.60K","0.77%"
"11/07/2012","84.44","88.42","88.80","84.05","422.21K","-4.81%"
"11/06/2012","88.71","85.67","89.22","85.42","303.43K","3.57%"
"11/05/2012","85.65","84.65","85.90","84.34","221.40K","0.93%"
"11/02/2012","84.86","86.91","87.24","84.66","297.31K","-2.56%"
"11/01/2012","87.09","86.10","87.42","85.92","197.18K","0.99%"
"10/31/2012","86.24","85.73","87.19","85.61","212.58K","0.65%"
"10/30/2012","85.68","85.31","86.24","85.10","106.22K","0.16%"
"10/29/2012","85.54","86.43","86.43","84.66","145.73K","-0.86%"
"10/26/2012","86.28","86.00","86.37","85.00","212.38K","0.27%"
"10/25/2012","86.05","85.65","86.75","85.23","208.68K","0.37%"
"10/24/2012","85.73","86.60","87.47","84.94","298.16K","-1.08%"
"10/23/2012","86.67","89.14","89.29","85.69","309.49K","-2.32%"
"10/22/2012","88.73","89.52","90.80","88.21","23.96K","-1.47%"
"10/19/2012","90.05","92.04","93.05","89.83","123.65K","-2.23%"
"10/18/2012","92.10","92.06","92.59","90.66","184.65K","-0.02%"
"10/17/2012","92.12","92.08","92.85","91.55","226.34K","0.03%"
"10/16/2012","92.09","91.76","92.32","91.30","232.22K","0.26%"
"10/15/2012","91.85","91.63","92.20","89.79","269.02K","-0.01%"
"10/12/2012","91.86","92.41","92.64","91.16","198.46K","-0.23%"
"10/11/2012","92.07","91.27","92.94","91.09","300.09K","0.90%"
"10/10/2012","91.25","92.26","93.66","91.02","303.50K","-1.23%"
"10/09/2012","92.39","89.62","92.91","89.29","378.04K","3.43%"
"10/08/2012","89.33","89.85","89.89","88.21","202.69K","-0.61%"
"10/05/2012","89.88","91.51","91.71","89.01","279.13K","-2.00%"
"10/04/2012","91.71","88.01","91.84","87.91","291.39K","4.05%"
"10/03/2012","88.14","91.64","91.82","87.70","339.51K","-4.08%"
"10/02/2012","91.89","92.41","92.94","91.62","177.73K","-0.64%"
"10/01/2012","92.48","92.15","93.33","91.26","216.01K","0.31%"
"09/28/2012","92.19","92.35","92.71","91.40","210.20K","0.37%"
"09/27/2012","91.85","90.08","92.39","89.88","237.29K","2.08%"
"09/26/2012","89.98","90.82","91.34","88.95","272.06K","-1.52%"
"09/25/2012","91.37","92.11","93.20","90.57","239.02K","-0.61%"
"09/24/2012","91.93","93.18","93.18","91.06","188.32K","-1.03%"
"09/21/2012","92.89","92.93","93.84","92.59","181.04K","1.11%"
"09/20/2012","91.87","91.77","92.37","90.66","30.14K","-0.12%"
"09/19/2012","91.98","95.49","96.17","91.25","133.04K","-3.47%"
"09/18/2012","95.29","96.71","97.23","95.11","196.21K","-1.38%"
"09/17/2012","96.62","99.15","99.52","94.65","308.27K","-2.40%"
"09/14/2012","99.00","98.04","100.42","97.99","271.79K","0.70%"
"09/13/2012","98.31","96.93","98.58","96.51","291.06K","1.34%"
"09/12/2012","97.01","96.85","98.06","96.31","223.53K","-0.16%"
"09/11/2012","97.17","96.29","97.31","96.08","222.01K","0.65%"
"09/10/2012","96.54","96.24","96.63","95.34","222.00K","0.12%"
"09/07/2012","96.42","94.70","96.74","94.08","293.03K","0.93%"
"09/06/2012","95.53","96.00","97.71","94.59","327.08K","0.18%"
"09/05/2012","95.36","95.61","96.03","94.26","233.04K","0.06%"
"09/04/2012","95.30","96.38","97.37","94.97","256.15K","-1.21%"
"08/31/2012","96.47","94.75","96.92","94.51","249.06K","1.96%"
"08/30/2012","94.62","95.30","95.60","93.95","192.46K","-0.91%"
"08/29/2012","95.49","96.08","96.37","94.76","185.89K","-0.87%"
"08/28/2012","96.33","95.66","96.54","95.14","198.46K","0.90%"
"08/27/2012","95.47","96.67","97.72","94.41","230.84K","-0.71%"
"08/24/2012","96.15","96.06","97.17","95.41","204.23K","-0.12%"
"08/23/2012","96.27","97.30","98.29","95.75","225.16K","-1.02%"
"08/22/2012","97.26","96.94","97.54","96.26","217.44K","0.60%"
"08/21/2012","96.68","95.97","97.60","95.81","33.07K","0.74%"
"08/20/2012","95.97","96.36","96.53","95.02","113.31K","-0.04%"
"08/17/2012","96.01","95.23","96.28","94.98","162.59K","0.43%"
"08/16/2012","95.60","94.21","95.75","93.93","212.63K","1.35%"
"08/15/2012","94.33","93.25","94.90","92.68","281.64K","0.96%"
"08/14/2012","93.43","92.71","93.92","92.56","200.41K","0.75%"
"08/13/2012","92.73","93.25","94.14","92.05","280.27K","-0.15%"
"08/10/2012","92.87","93.46","93.87","91.71","224.51K","-0.52%"
"08/09/2012","93.36","93.43","94.21","93.07","258.64K","0.01%"
"08/08/2012","93.35","93.41","94.72","92.82","269.93K","-0.34%"
"08/07/2012","93.67","92.05","94.42","91.78","260.01K","1.59%"
"08/06/2012","92.20","91.34","92.33","90.63","194.37K","0.88%"
"08/03/2012","91.40","87.26","91.74","87.23","301.78K","4.90%"
"08/02/2012","87.13","88.87","89.63","86.92","302.70K","-2.00%"
"08/01/2012","88.91","88.03","89.47","87.51","281.20K","0.97%"
"07/31/2012","88.06","89.67","90.30","87.31","282.85K","-1.92%"
"07/30/2012","89.78","90.14","90.95","89.33","191.10K","-0.39%"
"07/27/2012","90.13","89.43","90.45","89.13","210.41K","0.83%"
"07/26/2012","89.39","89.10","90.47","88.07","233.40K","0.47%"
"07/25/2012","88.97","88.20","89.36","86.84","289.55K","0.53%"
"07/24/2012","88.50","88.05","89.09","87.43","309.87K","0.41%"
"07/23/2012","88.14","91.61","91.64","87.91","290.36K","-3.61%"
"07/20/2012","91.44","92.22","92.30","90.66","22.10K","-1.32%"
"07/19/2012","92.66","90.08","92.94","89.86","102.93K","3.10%"
"07/18/2012","89.87","89.13","90.04","88.59","192.85K","0.73%"
"07/17/2012","89.22","88.26","89.46","87.41","262.79K","0.89%"
"07/16/2012","88.43","87.13","88.48","86.41","223.12K","1.53%"
"07/13/2012","87.10","85.86","87.61","85.58","260.83K","1.18%"
"07/12/2012","86.08","86.20","86.37","84.21","240.73K","0.31%"
"07/11/2012","85.81","84.01","86.49","84.01","307.82K","2.26%"
"07/10/2012","83.91","85.84","85.95","83.65","291.41K","-2.42%"
"07/09/2012","85.99","84.20","86.48","84.00","256.90K","1.82%"
"07/06/2012","84.45","86.73","87.13","84.02","296.20K","-3.18%"
"07/05/2012","87.22","87.75","88.98","86.50","368.62K","-0.50%"
"07/03/2012","87.66","83.67","88.04","83.33","336.19K","4.67%"
"07/02/2012","83.75","84.65","85.05","82.10","299.10K","-1.42%"
"06/29/2012","84.96","78.46","85.34","78.28","439.01K","9.36%"
"06/28/2012","77.69","80.48","80.84","77.28","310.15K","-3.14%"
"06/27/2012","80.21","79.47","80.92","78.68","253.01K","1.07%"
"06/26/2012","79.36","79.23","79.68","78.36","253.30K","0.19%"
"06/25/2012","79.21","80.20","80.68","78.03","249.00K","-0.69%"
"06/22/2012","79.76","78.11","80.37","77.56","293.22K","1.99%"
"06/21/2012","78.20","81.08","81.20","77.93","376.97K","-4.40%"
"06/20/2012","81.80","84.04","84.34","80.91","37.37K","-2.65%"
"06/19/2012","84.03","83.06","84.41","82.28","109.01K","0.91%"
"06/18/2012","83.27","85.09","85.60","82.04","216.96K","-0.90%"
"06/15/2012","84.03","84.33","84.80","83.42","216.55K","0.14%"
"06/14/2012","83.91","82.44","84.42","82.27","278.94K","1.56%"
"06/13/2012","82.62","83.51","84.01","82.15","327.54K","-0.84%"
"06/12/2012","83.32","81.18","83.72","81.07","320.80K","0.75%"
"06/11/2012","82.70","85.72","86.64","81.11","343.21K","-1.66%"
"06/08/2012","84.10","83.63","84.67","82.00","304.64K","-0.85%"
"06/07/2012","84.82","85.50","87.03","83.43","339.00K","-0.24%"
"06/06/2012","85.02","84.12","86.27","84.03","313.10K","0.87%"
"06/05/2012","84.29","84.14","84.92","83.31","246.36K","0.37%"
"06/04/2012","83.98","82.96","84.38","81.21","309.78K","0.90%"
"06/01/2012","83.23","86.44","86.59","82.29","407.58K","-3.81%"
"05/31/2012","86.53","87.55","88.28","85.86","345.43K","-1.47%"
"05/30/2012","87.82","90.86","90.92","87.27","297.20K","-3.24%"
"05/29/2012","90.76","91.00","92.21","90.25","262.56K","-0.11%"
"05/25/2012","90.86","90.79","91.32","90.20","153.92K","0.22%"
"05/24/2012","90.66","90.53","91.52","89.81","231.52K","0.85%"
"05/23/2012","89.90","91.54","91.72","89.28","275.52K","-1.92%"
"05/22/2012","91.66","92.64","93.01","91.39","27.36K","-0.98%"
"05/21/2012","92.57","91.27","93.06","90.84","107.24K","1.19%"
"05/18/2012","91.48","92.86","92.88","90.93","211.75K","-1.17%"
"05/17/2012","92.56","92.77","93.88","92.09","280.07K","-0.27%"
"05/16/2012","92.81","93.16","94.16","91.81","308.37K","-1.24%"
"05/15/2012","93.98","93.91","95.48","93.02","284.71K","-0.84%"
"05/14/2012","94.78","95.79","95.83","93.65","251.99K","-1.40%"
"05/11/2012","96.13","96.53","97.20","95.56","260.54K","-0.98%"
"05/10/2012","97.08","96.45","97.69","96.08","282.31K","0.28%"
"05/09/2012","96.81","97.38","97.39","95.17","332.87K","-0.21%"
"05/08/2012","97.01","97.96","98.12","95.52","333.77K","-0.95%"
"05/07/2012","97.94","98.05","98.24","95.34","300.47K","-0.56%"
"05/04/2012","98.49","102.59","102.72","97.51","443.06K","-3.95%"
"05/03/2012","102.54","105.39","105.42","102.36","316.88K","-2.55%"
"05/02/2012","105.22","105.98","106.05","104.91","256.65K","-0.89%"
"05/01/2012","106.16","104.89","106.43","104.39","245.92K","1.23%"
"04/30/2012","104.87","104.93","105.16","103.88","211.45K","-0.06%"
"04/27/2012","104.93","104.10","105.00","103.74","182.10K","0.36%"
"04/26/2012","104.55","103.96","104.92","103.84","192.83K","0.41%"
"04/25/2012","104.12","103.76","104.57","103.11","276.65K","0.55%"
"04/24/2012","103.55","103.11","104.10","102.79","196.14K","0.43%"
"04/23/2012","103.11","103.82","103.90","101.82","213.20K","0.06%"
"04/20/2012","103.05","102.57","104.27","102.45","23.58K","0.76%"
"04/19/2012","102.27","102.73","103.21","101.67","91.40K","-0.39%"
"04/18/2012","102.67","104.22","104.51","102.19","195.81K","-1.47%"
"04/17/2012","104.20","103.15","105.07","102.66","244.52K","1.23%"
"04/16/2012","102.93","102.80","103.37","101.80","284.96K","0.10%"
"04/13/2012","102.83","103.66","103.90","102.61","227.26K","-0.78%"
"04/12/2012","103.64","102.55","104.24","102.39","271.29K","0.92%"
"04/11/2012","102.70","100.94","103.13","100.84","283.01K","1.66%"
"04/10/2012","101.02","102.33","102.96","100.68","312.93K","-1.41%"
"04/09/2012","102.46","102.53","102.60","100.81","205.92K","-0.82%"
"04/05/2012","103.31","101.96","103.40","101.37","242.90K","1.81%"
"04/04/2012","101.47","104.09","104.12","101.08","300.73K","-2.44%"
"04/03/2012","104.01","105.04","105.18","103.59","245.54K","-1.16%"
"04/02/2012","105.23","103.27","105.49","102.06","278.10K","2.15%"
"03/30/2012","103.02","103.29","104.15","102.78","244.16K","0.23%"
"03/29/2012","102.78","105.58","105.70","102.13","319.99K","-2.50%"
"03/28/2012","105.41","106.81","106.94","104.67","309.06K","-1.79%"
"03/27/2012","107.33","107.09","107.73","106.52","209.04K","0.28%"
"03/26/2012","107.03","106.79","107.32","106.19","162.28K","0.15%"
"03/23/2012","106.87","105.52","108.25","105.16","260.27K","1.44%"
"03/22/2012","105.35","106.81","107.12","104.50","295.47K","-1.79%"
"03/21/2012","107.27","106.33","107.64","106.06","252.60K","1.57%"
"03/20/2012","105.61","107.82","107.91","105.35","26.44K","-2.29%"
"03/19/2012","108.09","107.18","108.24","106.55","110.35K","0.96%"
"03/16/2012","107.06","105.44","107.34","105.13","192.99K","1.86%"
"03/15/2012","105.11","105.50","106.18","103.78","371.04K","-0.30%"
"03/14/2012","105.43","106.69","107.02","105.12","283.51K","-1.20%"
"03/13/2012","106.71","106.55","107.35","105.67","282.35K","0.35%"
"03/12/2012","106.34","107.50","107.56","105.38","234.73K","-0.99%"
"03/09/2012","107.40","106.91","108.20","106.13","292.69K","0.77%"
"03/08/2012","106.58","106.24","107.20","105.84","296.55K","0.40%"
"03/07/2012","106.16","104.93","106.55","104.35","333.24K","1.39%"
"03/06/2012","104.70","107.11","107.34","104.51","332.56K","-1.89%"
"03/05/2012","106.72","106.75","107.42","105.50","237.45K","0.02%"
"03/02/2012","106.70","108.75","109.03","105.80","299.66K","-1.97%"
"03/01/2012","108.84","106.82","110.55","106.55","389.84K","1.65%"
"02/29/2012","107.07","106.46","107.43","104.84","353.13K","0.49%"
"02/28/2012","106.55","107.95","108.79","106.30","278.72K","-1.85%"
"02/27/2012","108.56","109.67","109.77","107.27","277.60K","-1.10%"
"02/24/2012","109.77","108.66","109.95","107.95","267.71K","1.80%"
"02/23/2012","107.83","105.95","108.74","105.45","325.66K","1.46%"
"02/22/2012","106.28","106.01","106.72","105.61","241.33K","0.42%"
"02/21/2012","105.84","104.65","106.07","104.26","32.98K","2.52%"
"02/17/2012","103.24","102.35","104.14","102.25","134.50K","0.91%"
"02/16/2012","102.31","101.90","102.69","100.84","197.31K","0.50%"
"02/15/2012","101.80","100.90","102.54","100.61","278.27K","1.05%"
"02/14/2012","100.74","100.73","101.84","100.28","314.29K","-0.17%"
"02/13/2012","100.91","99.33","100.87","99.09","268.06K","2.27%"
"02/10/2012","98.67","99.89","99.89","97.32","307.56K","-1.17%"
"02/09/2012","99.84","99.10","100.18","98.66","295.43K","1.14%"
"02/08/2012","98.71","98.77","100.09","98.10","364.74K","0.30%"
"02/07/2012","98.41","97.13","99.13","95.84","400.23K","1.55%"
"02/06/2012","96.91","97.74","97.75","96.38","257.72K","-0.95%"
"02/03/2012","97.84","96.61","98.03","96.01","318.64K","1.54%"
"02/02/2012","96.36","97.11","97.99","95.44","331.24K","-1.28%"
"02/01/2012","97.61","98.38","99.49","97.11","293.55K","-0.88%"
"01/31/2012","98.48","98.88","101.29","97.86","373.89K","-0.30%"
"01/30/2012","98.78","100.00","100.05","98.43","215.83K","-0.78%"
"01/27/2012","99.56","99.93","100.63","99.13","253.46K","-0.14%"
"01/26/2012","99.70","99.96","101.39","99.23","260.74K","0.30%"
"01/25/2012","99.40","99.20","100.40","97.53","322.79K","0.45%"
"01/24/2012","98.95","99.88","100.18","98.25","242.48K","-0.63%"
"01/23/2012","99.58","98.34","100.24","97.40","238.96K","1.14%"
"01/20/2012","98.46","100.39","100.74","97.91","34.90K","-1.92%"
"01/19/2012","100.39","101.14","102.06","99.98","120.17K","-0.20%"
"01/18/2012","100.59","100.91","102.06","99.84","269.39K","-0.12%"
"01/17/2012","100.71","98.95","101.01","98.60","322.04K","2.04%"
"01/13/2012","98.70","99.20","100.19","97.70","335.62K","-0.40%"
"01/12/2012","99.10","101.00","102.98","98.50","370.51K","-1.75%"
"01/11/2012","100.87","102.20","102.46","100.55","311.64K","-1.34%"
"01/10/2012","102.24","101.30","103.41","101.30","291.27K","0.92%"
"01/09/2012","101.31","101.92","102.15","100.10","311.87K","-0.25%"
"01/06/2012","101.56","101.35","102.80","100.88","290.46K","-0.25%"
"01/05/2012","101.81","103.29","103.73","101.30","295.62K","-1.37%"
"01/04/2012","103.22","102.99","103.74","101.88","271.71K","0.25%"
"01/03/2012","102.96","99.70","103.18","99.65","275.48K","4.18%"
"12/30/2011","98.83","99.78","100.16","98.61","154.06K","-0.82%"
"12/29/2011","99.65","99.59","99.92","98.30","153.92K","0.29%"
"12/28/2011","99.36","101.25","101.71","99.11","164.66K","-1.95%"
"12/27/2011","101.34","99.92","101.77","99.37","124.24K","1.67%"
"12/23/2011","99.68","99.48","100.23","99.24","95.27K","0.15%"
"12/22/2011","99.53","99.03","100.05","98.51","151.56K","0.87%"
"12/21/2011","98.67","97.53","99.25","96.80","219.51K","1.49%"
"12/20/2011","97.22","94.14","97.45","94.14","35.84K","3.56%"
"12/19/2011","93.88","93.76","94.42","92.54","114.56K","0.37%"
"12/16/2011","93.53","93.42","94.79","92.52","205.89K","-0.36%"
"12/15/2011","93.87","94.89","95.99","93.31","273.76K","-1.14%"
"12/14/2011","94.95","100.33","100.33","94.21","377.48K","-5.18%"
"12/13/2011","100.14","97.85","101.25","97.64","380.75K","2.42%"
"12/12/2011","97.77","99.58","99.68","97.54","279.15K","-1.65%"
"12/09/2011","99.41","98.08","99.91","97.36","318.77K","1.09%"
"12/08/2011","98.34","100.84","101.73","97.71","340.68K","-2.14%"
"12/07/2011","100.49","101.11","101.94","99.67","330.53K","-0.78%"
"12/06/2011","101.28","100.45","101.42","100.20","217.03K","0.29%"
"12/05/2011","100.99","101.23","102.44","100.24","239.38K","0.03%"
"12/02/2011","100.96","100.00","101.56","99.76","245.92K","0.76%"
"12/01/2011","100.20","100.51","101.17","98.87","275.86K","-0.16%"
"11/30/2011","100.36","99.48","101.75","98.92","302.86K","0.57%"
"11/29/2011","99.79","97.75","100.15","97.23","320.86K","1.61%"
"11/28/2011","98.21","97.50","100.74","97.13","311.74K","1.49%"
"11/25/2011","96.77","95.79","97.55","94.99","185.84K","0.62%"
"11/23/2011","96.17","97.79","97.87","95.35","283.45K","-1.88%"
"11/22/2011","98.01","97.20","98.70","96.55","319.25K","1.12%"
"11/21/2011","96.92","97.54","97.86","95.24","279.10K","-0.50%"
"11/18/2011","97.41","98.61","100.15","96.64","38.55K","-1.43%"
"11/17/2011","98.82","101.76","103.37","98.28","194.04K","-3.67%"
"11/16/2011","102.59","99.32","102.89","98.39","379.61K","3.24%"
"11/15/2011","99.37","98.04","99.84","97.51","353.32K","1.25%"
"11/14/2011","98.14","99.30","99.69","97.19","351.52K","-0.86%"
"11/11/2011","98.99","97.51","99.40","97.35","282.79K","1.24%"
"11/10/2011","97.78","95.75","98.35","95.20","347.73K","2.13%"
"11/09/2011","95.74","96.81","97.84","94.54","445.71K","-1.10%"
"11/08/2011","96.80","95.87","97.08","95.23","313.57K","1.34%"
"11/07/2011","95.52","94.40","96.11","93.23","321.19K","1.34%"
"11/04/2011","94.26","94.24","94.93","92.87","295.46K","0.20%"
"11/03/2011","94.07","92.99","94.61","90.87","299.99K","1.69%"
"11/02/2011","92.51","91.60","93.79","90.97","265.63K","0.35%"
"11/01/2011","92.19","92.58","92.88","89.17","351.34K","-1.07%"
"10/31/2011","93.19","93.53","93.80","91.36","228.56K","-0.14%"
"10/28/2011","93.32","93.93","93.93","92.01","276.76K","-0.68%"
"10/27/2011","93.96","90.98","94.25","90.74","327.45K","4.17%"
"10/26/2011","90.20","92.59","93.92","90.00","411.45K","-3.19%"
"10/25/2011","93.17","91.69","94.65","91.10","489.37K","2.08%"
"10/24/2011","91.27","87.05","91.88","87.00","484.14K","4.43%"
"10/21/2011","87.40","86.50","88.89","85.95","296.56K","2.46%"
"10/20/2011","85.30","86.10","86.94","84.10","31.26K","-0.94%"
"10/19/2011","86.11","88.26","89.51","85.87","112.02K","-2.52%"
"10/18/2011","88.34","86.20","89.03","85.55","203.77K","2.27%"
"10/17/2011","86.38","87.48","88.18","85.88","227.30K","-0.48%"
"10/14/2011","86.80","84.47","87.42","83.77","274.85K","3.05%"
"10/13/2011","84.23","84.93","85.39","83.17","360.27K","-1.57%"
"10/12/2011","85.57","85.20","86.59","84.52","294.23K","-0.28%"
"10/11/2011","85.81","85.70","86.64","83.97","362.32K","0.47%"
"10/10/2011","85.41","82.75","86.09","82.75","264.83K","2.93%"
"10/07/2011","82.98","82.57","84.00","81.36","377.54K","0.47%"
"10/06/2011","82.59","79.71","82.90","79.08","386.09K","3.65%"
"10/05/2011","79.68","78.25","79.91","76.94","336.07K","5.30%"
"10/04/2011","75.67","76.40","78.40","74.95","428.11K","-2.50%"
"10/03/2011","77.61","78.92","79.64","76.25","392.78K","-2.01%"
"09/30/2011","79.20","83.07","83.23","78.53","367.96K","-3.58%"
"09/29/2011","82.14","80.67","83.98","79.64","351.35K","1.15%"
"09/28/2011","81.21","83.76","84.62","80.49","282.85K","-3.84%"
"09/27/2011","84.45","81.48","84.77","80.92","313.57K","5.25%"
"09/26/2011","80.24","79.64","81.56","77.11","325.67K","0.49%"
"09/23/2011","79.85","80.40","81.81","77.55","427.57K","-0.82%"
"09/22/2011","80.51","84.81","85.00","79.66","460.00K","-6.30%"
"09/21/2011","85.92","86.51","87.99","84.65","298.91K","-1.12%"
"09/20/2011","86.89","85.84","87.46","85.11","30.00K","1.39%"
"09/19/2011","85.70","87.75","87.75","84.79","132.22K","-2.57%"
"09/16/2011","87.96","89.11","89.78","87.00","210.96K","-1.61%"
"09/15/2011","89.40","88.60","90.15","88.01","296.29K","0.55%"
"09/14/2011","88.91","89.88","90.25","88.21","330.98K","-1.44%"
"09/13/2011","90.21","88.95","90.52","87.81","364.26K","2.29%"
"09/12/2011","88.19","86.70","88.97","85.00","355.07K","1.09%"
"09/09/2011","87.24","88.77","89.50","85.64","349.24K","-2.03%"
"09/08/2011","89.05","90.11","90.23","88.40","336.73K","-0.32%"
"09/07/2011","89.34","86.50","90.48","86.15","313.73K","3.86%"
"09/06/2011","86.02","86.46","86.60","83.20","316.17K","-0.50%"
"09/02/2011","86.45","88.78","88.99","85.42","307.28K","-2.79%"
"09/01/2011","88.93","88.73","89.90","88.21","282.34K","0.14%"
"08/31/2011","88.81","88.79","89.54","87.67","317.70K","-0.10%"
"08/30/2011","88.90","87.51","89.21","86.46","315.38K","1.87%"
"08/29/2011","87.27","85.33","87.62","85.11","208.61K","2.23%"
"08/26/2011","85.37","85.09","85.64","82.95","283.26K","0.08%"
"08/25/2011","85.30","85.17","86.56","83.01","357.82K","0.16%"
"08/24/2011","85.16","85.67","86.59","84.55","294.93K","-0.33%"
"08/23/2011","85.44","84.45","86.39","83.40","353.95K","1.57%"
"08/22/2011","84.12","82.42","84.67","81.13","30.15K","2.26%"
"08/19/2011","82.26","81.30","83.55","79.17","148.81K","-0.15%"
"08/18/2011","82.38","87.41","87.53","81.15","331.28K","-5.94%"
"08/17/2011","87.58","87.10","89.00","86.65","344.49K","1.07%"
"08/16/2011","86.65","87.68","87.93","85.62","375.34K","-1.40%"
"08/15/2011","87.88","85.59","88.05","84.40","292.80K","2.93%"
"08/12/2011","85.38","85.55","87.37","84.02","350.09K","-0.40%"
"08/11/2011","85.72","81.95","85.97","81.03","502.09K","3.41%"
"08/10/2011","82.89","81.90","83.14","79.53","520.14K","4.53%"
"08/09/2011","79.30","81.10","83.05","75.71","605.80K","-2.47%"
"08/08/2011","81.31","85.71","85.73","80.17","521.07K","-6.41%"
"08/05/2011","86.88","86.50","88.32","82.87","512.49K","0.29%"
"08/04/2011","86.63","91.94","92.59","86.04","535.94K","-5.77%"
"08/03/2011","91.93","93.15","93.75","91.22","350.22K","-1.98%"
"08/02/2011","93.79","95.02","95.68","93.08","328.18K","-1.16%"
"08/01/2011","94.89","96.20","98.60","93.42","398.86K","-0.85%"
"07/29/2011","95.70","97.16","97.39","94.95","284.39K","-1.79%"
"07/28/2011","97.44","97.27","98.01","96.51","236.25K","0.04%"
"07/27/2011","97.40","99.18","99.50","97.14","304.52K","-2.20%"
"07/26/2011","99.59","99.15","100.62","97.76","332.69K","0.39%"
"07/25/2011","99.20","99.76","99.87","98.52","205.21K","-0.67%"
"07/22/2011","99.87","99.20","100.19","98.43","223.27K","0.75%"
"07/21/2011","99.13","98.36","100.16","97.20","293.97K","1.01%"
"07/20/2011","98.14","98.11","99.02","96.64","35.29K","0.66%"
"07/19/2011","97.50","96.16","98.65","95.93","138.05K","1.64%"
"07/18/2011","95.93","97.37","97.69","94.69","203.97K","-1.35%"
"07/15/2011","97.24","96.03","97.74","95.21","266.46K","1.62%"
"07/14/2011","95.69","97.59","98.88","94.53","403.42K","-2.41%"
"07/13/2011","98.05","96.72","99.21","96.53","355.10K","0.64%"
"07/12/2011","97.43","95.09","97.50","93.55","343.49K","2.40%"
"07/11/2011","95.15","96.10","96.75","94.14","311.45K","-1.09%"
"07/08/2011","96.20","98.79","99.18","95.60","348.00K","-2.50%"
"07/07/2011","98.67","97.04","99.42","96.99","339.27K","2.09%"
"07/06/2011","96.65","97.00","97.79","95.90","288.32K","-0.25%"
"07/05/2011","96.89","94.98","97.48","94.34","275.65K","2.05%"
"07/01/2011","94.94","95.12","95.39","93.45","263.63K","-0.50%"
"06/30/2011","95.42","95.08","95.82","93.88","276.58K","0.69%"
"06/29/2011","94.77","93.37","95.84","92.66","348.79K","2.02%"
"06/28/2011","92.89","90.71","93.37","90.44","279.02K","2.52%"
"06/27/2011","90.61","91.16","91.30","89.61","278.68K","-0.60%"
"06/24/2011","91.16","92.29","92.34","89.82","337.77K","0.15%"
"06/23/2011","91.02","94.40","94.47","89.69","484.06K","-4.60%"
"06/22/2011","95.41","93.76","95.70","93.24","296.28K","2.15%"
"06/21/2011","93.40","93.49","94.74","92.50","41.37K","0.15%"
"06/20/2011","93.26","92.80","93.49","91.14","136.84K","0.27%"
"06/17/2011","93.01","95.10","95.40","91.84","245.01K","-2.04%"
"06/16/2011","94.95","95.29","95.75","94.29","336.01K","0.15%"
"06/15/2011","94.81","99.68","99.95","94.01","508.72K","-4.59%"
"06/14/2011","99.37","97.09","99.64","96.51","347.72K","2.13%"
"06/13/2011","97.30","98.77","99.32","96.13","381.99K","-2.00%"
"06/10/2011","99.29","101.84","102.15","98.60","379.24K","-2.59%"
"06/09/2011","101.93","100.83","102.44","100.74","345.54K","1.18%"
"06/08/2011","100.74","99.58","101.89","98.02","484.28K","1.67%"
"06/07/2011","99.09","98.82","99.75","97.74","415.37K","0.08%"
"06/06/2011","99.01","100.42","100.68","98.55","289.67K","-1.21%"
"06/03/2011","100.22","100.87","100.87","98.12","351.31K","-0.18%"
"06/02/2011","100.40","99.79","100.93","98.46","389.64K","0.11%"
"06/01/2011","100.29","102.68","103.31","99.63","376.48K","-2.35%"
"05/31/2011","102.70","100.69","103.39","99.60","319.04K","2.10%"
"05/27/2011","100.59","100.16","101.24","100.04","212.25K","0.36%"
"05/26/2011","100.23","101.24","101.90","99.61","332.14K","-1.08%"
"05/25/2011","101.32","99.27","101.63","98.20","354.88K","1.74%"
"05/24/2011","99.59","97.54","100.09","96.61","339.53K","1.93%"
"05/23/2011","97.70","99.68","100.04","96.37","296.83K","-1.80%"
"05/20/2011","99.49","98.60","99.90","95.99","33.93K","1.07%"
"05/19/2011","98.44","99.76","100.79","98.16","142.67K","-1.66%"
"05/18/2011","100.10","97.57","100.99","97.46","285.30K","3.29%"
"05/17/2011","96.91","96.98","97.81","95.02","399.13K","-0.47%"
"05/16/2011","97.37","99.36","99.65","96.83","335.32K","-2.29%"
"05/13/2011","99.65","98.81","100.70","97.09","367.72K","0.69%"
"05/12/2011","98.97","98.59","100.49","95.25","522.50K","0.77%"
"05/11/2011","98.21","103.69","104.60","97.50","524.76K","-5.46%"
"05/10/2011","103.88","102.44","103.95","100.12","439.61K","1.30%"
"05/09/2011","102.55","98.11","103.40","97.42","469.29K","5.53%"
"05/06/2011","97.18","99.76","102.38","94.63","606.53K","-2.63%"
"05/05/2011","99.80","108.78","109.38","98.25","670.08K","-8.64%"
"05/04/2011","109.24","110.68","111.22","108.48","333.02K","-1.63%"
"05/03/2011","111.05","112.98","113.22","110.30","300.33K","-2.18%"
"05/02/2011","113.52","113.89","114.83","110.82","310.99K","-0.36%"
"04/29/2011","113.93","112.82","114.18","112.25","201.83K","0.95%"
"04/28/2011","112.86","113.13","113.97","111.69","301.60K","0.09%"
"04/27/2011","112.76","111.89","113.40","110.71","338.70K","0.49%"
"04/26/2011","112.21","112.15","112.64","111.12","234.44K","-0.06%"
"04/25/2011","112.28","112.34","113.48","111.08","209.68K","-0.01%"
"04/21/2011","112.29","111.37","112.48","111.00","240.46K","0.75%"
"04/20/2011","111.45","108.45","111.66","107.96","291.55K","3.05%"
"04/19/2011","108.15","107.52","108.45","105.50","37.09K","0.96%"
"04/18/2011","107.12","109.43","109.44","106.54","138.18K","-2.32%"
"04/15/2011","109.66","108.45","110.10","107.21","224.39K","1.43%"
"04/14/2011","108.11","107.32","108.55","105.77","352.07K","0.93%"
"04/13/2011","107.11","106.02","107.43","105.31","456.86K","0.81%"
"04/12/2011","106.25","108.97","110.24","105.47","555.63K","-3.34%"
"04/11/2011","109.92","113.28","113.46","108.68","364.35K","-2.54%"
"04/08/2011","112.79","110.32","113.21","110.11","319.48K","2.26%"
"04/07/2011","110.30","108.67","110.44","108.23","334.91K","1.35%"
"04/06/2011","108.83","107.99","109.15","107.72","255.60K","0.45%"
"04/05/2011","108.34","108.20","108.60","107.50","249.36K","-0.12%"
"04/04/2011","108.47","108.29","108.78","107.58","228.49K","0.49%"
"04/01/2011","107.94","106.62","108.47","106.30","283.71K","1.14%"
"03/31/2011","106.72","104.31","106.83","104.12","270.63K","2.35%"
"03/30/2011","104.27","104.45","105.15","103.44","256.90K","-0.50%"
"03/29/2011","104.79","103.94","105.00","102.70","246.82K","0.78%"
"03/28/2011","103.98","105.43","105.76","103.60","223.08K","-1.35%"
"03/25/2011","105.40","105.46","105.95","104.50","235.66K","-0.19%"
"03/24/2011","105.60","105.52","106.69","104.76","258.02K","-0.14%"
"03/23/2011","105.75","104.85","106.34","104.38","254.57K","1.68%"
"03/22/2011","104.00","102.10","104.54","101.43","31.92K","1.63%"
"03/21/2011","102.33","102.12","103.35","101.66","103.96K","1.25%"
"03/18/2011","101.07","101.78","103.66","100.14","217.68K","-0.35%"
"03/17/2011","101.42","98.10","101.99","96.60","261.57K","3.51%"
"03/16/2011","97.98","97.40","99.60","96.22","357.94K","0.82%"
"03/15/2011","97.18","101.86","101.87","96.71","388.74K","-3.96%"
"03/14/2011","101.19","100.31","101.89","98.47","289.43K","0.03%"
"03/11/2011","101.16","102.64","103.00","99.01","342.53K","-1.50%"
"03/10/2011","102.70","104.45","105.06","100.62","432.99K","-1.61%"
"03/09/2011","104.38","104.96","105.92","103.90","353.95K","-0.61%"
"03/08/2011","105.02","104.85","105.79","103.33","420.04K","-0.40%"
"03/07/2011","105.44","104.65","106.95","104.25","404.44K","0.98%"
"03/04/2011","104.42","101.70","105.17","101.54","369.15K","2.46%"
"03/03/2011","101.91","102.39","102.94","100.15","382.56K","-0.31%"
"03/02/2011","102.23","100.48","102.50","99.21","446.38K","2.61%"
"03/01/2011","99.63","96.97","100.69","96.37","322.43K","2.74%"
"02/28/2011","96.97","98.50","99.96","96.71","262.00K","-0.93%"
"02/25/2011","97.88","96.63","99.20","96.17","307.90K","0.62%"
"02/24/2011","97.28","98.97","103.41","95.62","507.46K","-0.84%"
"02/23/2011","98.10","95.68","100.00","95.14","489.67K","4.84%"
"02/22/2011","93.57","86.33","94.49","86.25","37.93K","8.55%"
"02/18/2011","86.20","86.40","87.88","85.65","155.30K","-0.19%"
"02/17/2011","86.36","85.25","86.63","84.38","176.13K","1.61%"
"02/16/2011","84.99","84.44","85.95","84.12","297.66K","0.79%"
"02/15/2011","84.32","84.84","85.97","83.85","284.17K","-0.58%"
"02/14/2011","84.81","85.50","86.52","84.58","319.33K","-0.90%"
"02/11/2011","85.58","87.70","87.77","85.10","383.39K","-1.33%"
"02/10/2011","86.73","86.93","87.90","85.96","419.19K","0.02%"
"02/09/2011","86.71","87.35","87.95","86.36","367.21K","-0.26%"
"02/08/2011","86.94","87.41","88.11","85.88","414.88K","-0.62%"
"02/07/2011","87.48","89.06","89.54","87.18","324.98K","-1.74%"
"02/04/2011","89.03","90.63","91.67","88.45","359.93K","-1.67%"
"02/03/2011","90.54","90.93","92.05","90.00","290.49K","-0.35%"
"02/02/2011","90.86","90.51","91.78","90.10","312.11K","0.10%"
"02/01/2011","90.77","92.20","92.45","90.33","392.88K","-1.54%"
"01/31/2011","92.19","89.97","92.84","88.40","436.80K","3.19%"
"01/28/2011","89.34","85.28","89.73","85.11","584.79K","4.32%"
"01/27/2011","85.64","87.55","87.66","85.21","369.38K","-1.94%"
"01/26/2011","87.33","86.23","87.79","86.03","347.75K","1.32%"
"01/25/2011","86.19","87.70","87.85","86.12","338.65K","-1.91%"
"01/24/2011","87.87","89.26","89.63","87.27","356.09K","-1.39%"
"01/21/2011","89.11","89.45","90.22","88.87","287.81K","0.28%"
"01/20/2011","88.86","90.70","90.86","88.00","25.96K","-2.20%"
"01/19/2011","90.86","91.34","92.10","90.47","109.53K","-0.57%"
"01/18/2011","91.38","91.51","91.90","90.55","211.93K","-0.17%"
"01/14/2011","91.54","90.99","91.69","90.10","313.33K","0.15%"
"01/13/2011","91.40","92.00","92.37","90.75","358.90K","-0.50%"
"01/12/2011","91.86","91.18","92.39","90.79","382.69K","0.82%"
"01/11/2011","91.11","89.31","91.39","88.93","429.76K","2.08%"
"01/10/2011","89.25","89.00","89.98","88.13","430.28K","1.39%"
"01/07/2011","88.03","88.18","89.48","87.25","444.81K","-0.40%"
"01/06/2011","88.38","90.47","90.71","87.85","440.46K","-2.13%"
"01/05/2011","90.30","89.29","90.84","88.10","416.91K","1.03%"
"01/04/2011","89.38","91.50","92.07","88.36","415.52K","-2.37%"
"01/03/2011","91.55","91.31","92.58","91.21","225.19K","0.19%"
"12/31/2010","91.38","89.67","92.06","89.05","171.01K","1.71%"
"12/30/2010","89.84","90.98","91.40","89.02","209.65K","-1.40%"
"12/29/2010","91.12","91.27","91.53","90.80","117.85K","-0.40%"
"12/28/2010","91.49","90.79","91.67","90.75","104.42K","0.54%"
"12/27/2010","91.00","91.07","91.88","90.51","104.32K","-0.56%"
"12/23/2010","91.51","90.61","91.63","90.33","145.01K","1.14%"
"12/22/2010","90.48","89.99","90.80","89.85","187.39K","0.73%"
"12/21/2010","89.82","89.22","90.10","89.06","187.32K","1.14%"
"12/20/2010","88.81","88.18","88.98","87.26","33.05K","0.90%"
"12/17/2010","88.02","87.87","88.52","87.01","152.40K","0.36%"
"12/16/2010","87.70","88.48","88.65","87.63","221.15K","-1.04%"
"12/15/2010","88.62","88.28","89.09","86.83","355.06K","0.39%"
"12/14/2010","88.28","88.19","88.95","87.74","281.85K","-0.37%"
"12/13/2010","88.61","87.68","89.49","87.44","329.77K","0.93%"
"12/10/2010","87.79","88.51","89.00","87.10","313.84K","-0.66%"
"12/09/2010","88.37","88.55","89.42","87.71","353.96K","0.10%"
"12/08/2010","88.28","88.35","88.99","87.33","383.14K","-0.46%"
"12/07/2010","88.69","88.92","90.76","88.04","462.69K","-0.77%"
"12/06/2010","89.38","89.44","89.76","88.56","293.84K","0.21%"
"12/03/2010","89.19","87.94","89.49","87.14","354.64K","1.35%"
"12/02/2010","88.00","86.80","88.13","86.27","330.64K","1.44%"
"12/01/2010","86.75","83.66","86.95","83.63","340.74K","3.14%"
"11/30/2010","84.11","85.81","85.90","83.55","338.36K","-1.89%"
"11/29/2010","85.73","83.90","85.90","83.59","335.80K","2.35%"
"11/26/2010","83.76","84.21","84.53","82.78","174.18K","-0.12%"
"11/24/2010","83.86","80.99","84.25","80.97","324.51K","3.21%"
"11/23/2010","81.25","81.61","82.10","80.28","351.86K","-0.60%"
"11/22/2010","81.74","82.15","82.87","80.68","290.22K","0.28%"
"11/19/2010","81.51","82.24","82.75","80.59","36.97K","-0.42%"
"11/18/2010","81.85","80.45","82.35","80.44","160.41K","1.75%"
"11/17/2010","80.44","82.44","82.67","80.06","334.53K","-2.31%"
"11/16/2010","82.34","84.58","84.74","82.03","454.83K","-2.97%"
"11/15/2010","84.86","84.87","85.77","84.48","315.26K","-0.02%"
"11/12/2010","84.88","87.73","87.85","84.52","478.82K","-3.34%"
"11/11/2010","87.81","87.85","88.63","87.54","343.01K","0.00%"
"11/10/2010","87.81","86.45","88.21","86.10","472.84K","1.26%"
"11/09/2010","86.72","86.75","87.63","85.48","368.00K","-0.39%"
"11/08/2010","87.06","87.39","87.49","85.96","309.97K","0.24%"
"11/05/2010","86.85","86.60","87.43","85.96","315.28K","0.42%"
"11/04/2010","86.49","85.09","86.83","84.92","318.00K","2.13%"
"11/03/2010","84.69","84.37","85.36","83.57","393.74K","0.94%"
"11/02/2010","83.90","82.88","84.47","82.83","281.83K","1.15%"
"11/01/2010","82.95","81.45","83.86","81.32","358.54K","1.87%"
"10/29/2010","81.43","81.92","82.12","80.56","313.87K","-0.91%"
"10/28/2010","82.18","81.99","82.64","81.50","296.75K","0.29%"
"10/27/2010","81.94","82.48","82.69","80.52","375.25K","-0.74%"
"10/26/2010","82.55","82.47","82.88","81.81","265.93K","0.04%"
"10/25/2010","82.52","82.01","83.28","81.45","339.40K","1.02%"
"10/22/2010","81.69","80.73","82.07","80.41","256.38K","1.40%"
"10/21/2010","80.56","82.55","82.70","80.09","378.29K","-1.48%"
"10/20/2010","81.77","79.48","82.03","79.35","40.71K","2.87%"
"10/19/2010","79.49","82.95","83.21","79.25","151.36K","-4.32%"
"10/18/2010","83.08","81.38","83.28","80.35","225.08K","2.25%"
"10/15/2010","81.25","82.77","83.33","80.75","345.84K","-1.74%"
"10/14/2010","82.69","83.23","84.12","82.21","340.96K","-0.39%"
"10/13/2010","83.01","81.72","83.45","81.68","330.29K","1.64%"
"10/12/2010","81.67","81.94","82.33","80.88","333.58K","-0.66%"
"10/11/2010","82.21","82.95","83.50","81.82","234.32K","-0.54%"
"10/08/2010","82.66","81.43","83.13","80.30","414.08K","1.21%"
"10/07/2010","81.67","83.27","84.43","81.00","450.95K","-1.87%"
"10/06/2010","83.23","82.60","84.09","82.29","349.17K","0.50%"
"10/05/2010","82.82","81.37","82.99","81.15","336.83K","1.66%"
"10/04/2010","81.47","81.68","82.38","80.77","313.31K","-0.13%"
"10/01/2010","81.58","79.84","81.75","79.70","359.94K","2.01%"
"09/30/2010","79.97","77.91","80.18","77.55","418.63K","2.71%"
"09/29/2010","77.86","76.20","78.13","75.60","388.99K","2.21%"
"09/28/2010","76.18","76.23","77.12","75.53","329.35K","-0.44%"
"09/27/2010","76.52","76.47","77.17","75.52","289.64K","0.04%"
"09/24/2010","76.49","74.95","76.68","74.66","288.50K","1.74%"
"09/23/2010","75.18","74.84","75.61","73.58","295.90K","0.63%"
"09/22/2010","74.71","74.79","76.00","73.84","343.85K","1.62%"
"09/21/2010","73.52","74.57","74.60","72.81","34.58K","-1.79%"
"09/20/2010","74.86","73.59","75.45","73.32","132.43K","1.63%"
"09/17/2010","73.66","74.47","75.25","72.75","195.83K","-1.22%"
"09/16/2010","74.57","75.76","75.99","74.11","289.28K","-1.91%"
"09/15/2010","76.02","76.64","76.65","74.66","356.33K","-1.02%"
"09/14/2010","76.80","77.17","77.99","76.21","416.11K","-0.51%"
"09/13/2010","77.19","76.36","78.04","76.36","349.16K","0.97%"
"09/10/2010","76.45","74.40","76.73","74.37","431.37K","2.96%"
"09/09/2010","74.25","74.92","75.96","73.88","372.88K","-0.56%"
"09/08/2010","74.67","73.91","75.39","73.37","359.76K","0.78%"
"09/07/2010","74.09","74.30","74.63","72.63","406.64K","-0.68%"
"09/03/2010","74.60","74.93","75.44","73.20","379.30K","-0.56%"
"09/02/2010","75.02","73.91","75.14","73.11","340.17K","1.50%"
"09/01/2010","73.91","71.70","74.48","71.67","396.61K","2.77%"
"08/31/2010","71.92","74.07","74.73","71.53","469.41K","-3.72%"
"08/30/2010","74.70","75.50","75.58","74.01","260.67K","-0.63%"
"08/27/2010","75.17","73.18","75.59","72.04","477.90K","2.47%"
"08/26/2010","73.36","72.82","73.98","72.54","362.83K","1.16%"
"08/25/2010","72.52","71.47","72.97","70.76","343.41K","1.24%"
"08/24/2010","71.63","72.95","73.05","71.32","340.99K","-2.01%"
"08/23/2010","73.10","73.90","74.48","72.75","252.44K","-0.49%"
"08/20/2010","73.46","74.45","74.60","73.19","33.38K","-1.30%"
"08/19/2010","74.43","75.27","76.10","73.96","123.22K","-1.31%"
"08/18/2010","75.42","75.45","75.74","73.83","247.10K","-0.46%"
"08/17/2010","75.77","75.06","76.63","75.01","347.43K","0.70%"
"08/16/2010","75.24","75.60","75.95","74.86","237.46K","-0.20%"
"08/13/2010","75.39","75.75","76.74","75.01","286.13K","-0.46%"
"08/12/2010","75.74","77.31","77.97","75.52","430.79K","-2.92%"
"08/11/2010","78.02","80.22","80.44","77.25","416.89K","-2.78%"
"08/10/2010","80.25","81.44","81.62","79.20","385.85K","-1.51%"
"08/09/2010","81.48","80.91","81.76","80.71","267.08K","0.97%"
"08/06/2010","80.70","82.12","82.67","80.04","397.53K","-1.60%"
"08/05/2010","82.01","82.44","82.48","81.56","234.81K","-0.56%"
"08/04/2010","82.47","82.42","82.97","81.62","293.32K","-0.10%"
"08/03/2010","82.55","81.41","82.64","81.11","290.98K","1.49%"
"08/02/2010","81.34","78.95","81.77","78.83","306.10K","3.03%"
"07/30/2010","78.95","78.25","79.05","76.83","294.43K","0.75%"
"07/29/2010","78.36","76.89","78.89","76.45","350.58K","1.78%"
"07/28/2010","76.99","77.08","77.74","75.90","314.17K","-0.66%"
"07/27/2010","77.50","78.92","79.69","76.79","377.84K","-1.87%"
"07/26/2010","78.98","78.98","79.33","78.06","227.66K","0.00%"
"07/23/2010","78.98","79.27","79.60","78.40","259.74K","-0.40%"
"07/22/2010","79.30","76.43","79.42","76.16","358.82K","3.58%"
"07/21/2010","76.56","77.85","78.57","76.20","322.41K","-1.14%"
"07/20/2010","77.44","76.40","77.57","75.65","34.22K","1.18%"
"07/19/2010","76.54","75.72","77.69","75.50","169.55K","0.70%"
"07/16/2010","76.01","76.82","77.15","75.25","225.25K","-0.80%"
"07/15/2010","76.62","76.76","77.66","75.33","366.02K","-0.55%"
"07/14/2010","77.04","77.13","78.15","76.38","364.47K","-0.14%"
"07/13/2010","77.15","75.06","77.37","74.25","361.79K","2.94%"
"07/12/2010","74.95","76.30","76.43","74.52","309.17K","-1.50%"
"07/09/2010","76.09","75.85","76.48","75.00","269.89K","0.86%"
"07/08/2010","75.44","74.85","76.00","74.38","325.81K","1.85%"
"07/07/2010","74.07","72.07","74.92","71.44","288.66K","2.90%"
"07/06/2010","71.98","72.06","73.86","71.09","325.73K","-0.22%"
"07/02/2010","72.14","72.67","73.38","71.62","256.17K","-1.11%"
"07/01/2010","72.95","75.37","75.40","72.05","405.08K","-3.54%"
"06/30/2010","75.63","75.46","76.83","74.39","357.75K","-0.41%"
"06/29/2010","75.94","78.15","78.32","75.21","323.27K","-2.95%"
"06/28/2010","78.25","79.00","79.38","77.72","223.31K","-0.77%"
"06/25/2010","78.86","76.56","79.19","75.90","316.46K","3.07%"
"06/24/2010","76.51","76.00","76.57","75.32","260.40K","0.21%"
"06/23/2010","76.35","77.52","77.83","75.17","365.04K","-1.11%"
"06/22/2010","77.21","77.35","78.10","76.53","27.34K","-0.78%"
"06/21/2010","77.82","77.50","78.92","76.88","124.29K","0.83%"
"06/18/2010","77.18","76.55","77.45","75.56","157.43K","0.51%"
"06/17/2010","76.79","77.45","77.79","76.17","303.28K","-1.13%"
"06/16/2010","77.67","77.06","78.13","76.06","323.36K","0.95%"
"06/15/2010","76.94","74.77","77.16","74.62","308.29K","2.42%"
"06/14/2010","75.12","74.06","75.99","74.04","321.67K","1.82%"
"06/11/2010","73.78","75.52","75.64","73.26","421.74K","-2.25%"
"06/10/2010","75.48","73.87","76.30","73.72","430.04K","1.48%"
"06/09/2010","74.38","72.51","74.96","72.03","436.98K","3.32%"
"06/08/2010","71.99","71.16","72.60","70.75","421.97K","0.77%"
"06/07/2010","71.44","70.35","72.49","69.51","417.31K","-0.10%"
"06/04/2010","71.51","74.61","75.42","70.73","448.49K","-4.15%"
"06/03/2010","74.61","73.70","74.95","72.32","439.43K","2.40%"
"06/02/2010","72.86","71.94","73.93","71.68","391.03K","0.39%"
"06/01/2010","72.58","73.97","75.33","71.64","438.59K","-1.88%"
"05/28/2010","73.97","74.90","75.72","73.13","420.67K","-0.78%"
"05/27/2010","74.55","70.74","74.95","70.67","401.81K","4.25%"
"05/26/2010","71.51","70.06","71.70","69.21","405.52K","4.01%"
"05/25/2010","68.75","69.90","70.04","67.15","395.40K","-2.08%"
"05/24/2010","70.21","70.62","70.96","69.57","279.82K","0.24%"
"05/21/2010","70.04","69.52","71.23","69.00","449.43K","2.98%"
"05/20/2010","68.01","71.20","71.29","64.24","33.22K","-2.66%"
"05/19/2010","69.87","69.11","71.43","67.90","129.17K","0.66%"
"05/18/2010","69.41","70.50","72.52","68.91","206.38K","-0.96%"
"05/17/2010","70.08","71.79","72.25","69.27","355.83K","-2.14%"
"05/14/2010","71.61","73.99","74.13","70.83","373.98K","-3.75%"
"05/13/2010","74.40","75.47","76.45","73.62","532.33K","-1.65%"
"05/12/2010","75.65","75.89","77.00","74.75","475.85K","-0.94%"
"05/11/2010","76.37","77.26","77.68","75.36","441.54K","-0.56%"
"05/10/2010","76.80","76.11","78.51","75.80","447.16K","2.25%"
"05/07/2010","75.11","76.95","78.19","74.51","601.53K","-2.59%"
"05/06/2010","77.11","79.63","80.39","74.58","605.01K","-3.58%"
"05/05/2010","79.97","82.13","82.83","79.15","512.29K","-3.35%"
"05/04/2010","82.74","86.09","86.24","82.05","497.43K","-4.00%"
"05/03/2010","86.19","86.20","87.15","85.83","324.73K","0.05%"
"04/30/2010","86.15","85.58","86.50","85.16","392.14K","1.15%"
"04/29/2010","85.17","83.33","85.63","83.01","393.69K","2.34%"
"04/28/2010","83.22","81.84","83.44","81.29","400.70K","0.95%"
"04/27/2010","82.44","83.89","84.33","81.70","462.84K","-2.09%"
"04/26/2010","84.20","85.22","85.63","83.73","337.12K","-1.08%"
"04/23/2010","85.12","83.75","85.19","82.92","322.55K","1.70%"
"04/22/2010","83.70","83.47","84.07","81.73","433.95K","0.02%"
"04/21/2010","83.68","84.03","84.64","82.92","428.24K","0.28%"
"04/20/2010","83.45","81.69","83.65","81.51","33.43K","2.46%"
"04/19/2010","81.45","82.92","83.00","80.53","122.83K","-2.15%"
"04/16/2010","83.24","85.35","85.44","82.52","268.76K","-2.65%"
"04/15/2010","85.51","85.91","86.27","85.27","274.10K","-0.38%"
"04/14/2010","85.84","83.82","86.39","83.71","425.17K","2.13%"
"04/13/2010","84.05","84.36","84.42","82.51","552.30K","-0.34%"
"04/12/2010","84.34","85.17","85.71","84.08","421.90K","-0.68%"
"04/09/2010","84.92","85.56","86.37","84.12","442.94K","-0.55%"
"04/08/2010","85.39","85.64","85.88","84.38","389.60K","-0.57%"
"04/07/2010","85.88","86.76","87.00","85.52","379.53K","-1.11%"
"04/06/2010","86.84","86.74","87.09","86.13","290.48K","0.25%"
"04/05/2010","86.62","85.31","86.90","85.06","244.11K","2.06%"
"04/01/2010","84.87","83.36","85.37","83.21","234.24K","1.33%"
"03/31/2010","83.76","82.50","83.85","82.22","371.96K","1.69%"
"03/30/2010","82.37","82.50","82.74","81.77","244.44K","0.24%"
"03/29/2010","82.17","80.24","82.78","80.18","311.04K","2.71%"
"03/26/2010","80.00","80.13","81.46","79.54","324.61K","-0.66%"
"03/25/2010","80.53","80.25","81.48","80.10","296.27K","-0.10%"
"03/24/2010","80.61","81.58","81.64","79.88","307.76K","-1.59%"
"03/23/2010","81.91","81.81","82.20","80.85","261.87K","0.81%"
"03/22/2010","81.25","80.93","81.49","78.57","32.68K","0.71%"
"03/19/2010","80.68","82.17","82.17","79.86","150.68K","-1.85%"
"03/18/2010","82.20","82.85","82.85","81.68","208.34K","-0.88%"
"03/17/2010","82.93","82.05","83.09","81.72","275.21K","1.51%"
"03/16/2010","81.70","79.84","82.10","79.32","290.18K","2.38%"
"03/15/2010","79.80","81.13","81.31","79.13","283.14K","-1.77%"
"03/12/2010","81.24","82.20","83.16","80.57","337.20K","-1.06%"
"03/11/2010","82.11","81.98","82.38","81.33","279.16K","0.02%"
"03/10/2010","82.09","81.38","83.03","80.81","430.15K","0.74%"
"03/09/2010","81.49","81.75","81.91","80.16","332.13K","-0.46%"
"03/08/2010","81.87","81.79","82.41","80.75","295.35K","0.45%"
"03/05/2010","81.50","80.58","82.07","80.47","299.63K","1.61%"
"03/04/2010","80.21","81.01","81.09","79.70","278.89K","-0.82%"
"03/03/2010","80.87","79.64","81.23","79.44","306.91K","1.49%"
"03/02/2010","79.68","78.88","80.95","78.26","301.70K","1.25%"
"03/01/2010","78.70","79.84","80.62","78.06","298.72K","-1.21%"
"02/26/2010","79.66","78.33","80.05","77.82","319.04K","1.91%"
"02/25/2010","78.17","80.31","80.32","77.05","346.03K","-2.29%"
"02/24/2010","80.00","79.13","80.45","78.25","289.32K","1.45%"
"02/23/2010","78.86","80.03","80.39","78.22","316.88K","-1.62%"
"02/22/2010","80.16","80.10","80.51","79.45","34.94K","0.44%"
"02/19/2010","79.81","78.37","80.10","77.76","183.23K","0.95%"
"02/18/2010","79.06","77.29","79.29","76.32","274.17K","2.24%"
"02/17/2010","77.33","77.32","77.82","76.53","283.82K","0.42%"
"02/16/2010","77.01","74.02","77.42","73.71","365.03K","3.89%"
"02/12/2010","74.13","75.30","75.35","72.66","335.81K","-1.53%"
"02/11/2010","75.28","74.65","75.69","73.38","464.44K","1.02%"
"02/10/2010","74.52","73.79","74.97","72.60","422.06K","1.04%"
"02/09/2010","73.75","71.68","74.15","71.32","429.85K","2.59%"
"02/08/2010","71.89","72.18","72.39","70.77","345.64K","0.98%"
"02/05/2010","71.19","73.04","73.94","69.50","596.14K","-2.67%"
"02/04/2010","73.14","77.09","77.17","72.42","523.89K","-4.99%"
"02/03/2010","76.98","76.99","78.04","76.52","391.29K","-0.32%"
"02/02/2010","77.23","74.94","77.41","74.40","366.27K","3.76%"
"02/01/2010","74.43","72.84","74.99","72.49","277.41K","2.11%"
"01/29/2010","72.89","73.89","74.82","72.43","335.27K","-1.02%"
"01/28/2010","73.64","73.75","74.49","72.93","292.91K","-0.04%"
"01/27/2010","73.67","74.69","75.09","72.65","356.18K","-1.39%"
"01/26/2010","74.71","75.28","75.39","73.82","256.21K","-0.73%"
"01/25/2010","75.26","74.24","75.42","74.06","280.56K","0.97%"
"01/22/2010","74.54","75.84","76.50","74.01","348.82K","-2.02%"
"01/21/2010","76.08","77.56","78.36","75.66","327.42K","-1.98%"
"01/20/2010","77.62","78.88","79.03","76.96","40.68K","-1.77%"
"01/19/2010","79.02","77.85","79.15","76.76","186.88K","1.31%"
"01/15/2010","78.00","79.20","79.31","77.70","200.56K","-1.75%"
"01/14/2010","79.39","79.63","80.36","78.92","275.40K","-0.33%"
"01/13/2010","79.65","80.06","80.67","78.37","401.63K","-1.41%"
"01/12/2010","80.79","82.07","82.34","79.91","333.87K","-2.10%"
"01/11/2010","82.52","82.88","83.95","81.96","296.30K","-0.28%"
"01/08/2010","82.75","82.65","83.47","81.80","310.38K","0.11%"
"01/07/2010","82.66","83.20","83.36","82.26","246.63K","-0.63%"
"01/06/2010","83.18","81.43","83.52","80.85","370.06K","1.72%"
"01/05/2010","81.77","81.63","82.00","80.95","258.89K","0.32%"
"01/04/2010","81.51","79.63","81.79","79.63","263.54K","2.71%"
"12/31/2009","79.36","79.28","80.00","79.16","120.37K","0.10%"
"12/30/2009","79.28","78.80","79.80","78.46","156.08K","0.52%"
"12/29/2009","78.87","78.66","79.39","78.02","137.09K","0.13%"
"12/28/2009","78.77","77.92","79.12","77.76","108.90K","0.92%"
"12/24/2009","78.05","76.59","78.25","76.19","102.48K","1.80%"
"12/23/2009","76.67","74.52","77.00","74.25","205.59K","3.05%"
"12/22/2009","74.40","73.43","74.91","72.72","196.83K","2.66%"
"12/21/2009","72.47","73.05","74.32","71.99","25.99K","-1.21%"
"12/18/2009","73.36","72.60","74.69","72.55","122.74K","0.98%"
"12/17/2009","72.65","72.74","73.13","71.21","173.96K","-0.01%"
"12/16/2009","72.66","70.78","73.55","70.59","298.38K","2.79%"
"12/15/2009","70.69","69.57","71.15","69.31","262.95K","1.70%"
"12/14/2009","69.51","69.63","70.22","68.59","268.93K","-0.52%"
"12/11/2009","69.87","70.57","71.20","69.46","343.41K","-0.95%"
"12/10/2009","70.54","70.80","71.39","69.81","407.66K","-0.18%"
"12/09/2009","70.67","73.12","73.87","70.13","526.97K","-2.69%"
"12/08/2009","72.62","74.00","74.39","72.43","424.77K","-1.77%"
"12/07/2009","73.93","75.80","76.10","73.70","359.25K","-2.04%"
"12/04/2009","75.47","75.83","77.90","74.85","411.58K","-1.29%"
"12/03/2009","76.46","76.51","77.50","75.54","351.79K","-0.18%"
"12/02/2009","76.60","77.90","78.59","76.22","340.90K","-2.26%"
"12/01/2009","78.37","77.35","79.04","77.01","310.48K","1.41%"
"11/30/2009","77.28","76.05","78.00","75.13","358.54K","1.62%"
"11/27/2009","76.05","77.80","77.94","72.39","301.35K","-2.45%"
"11/25/2009","77.96","75.83","78.09","75.50","337.39K","2.55%"
"11/24/2009","76.02","77.45","77.80","75.60","413.03K","-1.99%"
"11/23/2009","77.56","77.80","79.92","77.15","382.89K","1.09%"
"11/20/2009","76.72","77.59","77.99","76.20","35.05K","-0.96%"
"11/19/2009","77.46","79.63","79.87","77.06","175.23K","-2.66%"
"11/18/2009","79.58","79.38","80.33","78.67","253.66K","0.56%"
"11/17/2009","79.14","78.93","79.73","78.14","319.24K","0.30%"
"11/16/2009","78.90","76.58","79.43","76.35","361.39K","3.34%"
"11/13/2009","76.35","76.78","77.67","75.57","335.37K","-0.77%"
"11/12/2009","76.94","79.25","79.69","76.52","412.83K","-2.95%"
"11/11/2009","79.28","78.88","80.10","78.57","297.82K","0.29%"
"11/10/2009","79.05","79.24","80.51","77.89","371.09K","-0.48%"
"11/09/2009","79.43","77.87","80.19","77.77","327.40K","2.58%"
"11/06/2009","77.43","79.80","80.34","76.71","395.80K","-2.75%"
"11/05/2009","79.62","80.29","80.52","79.34","257.60K","-0.97%"
"11/04/2009","80.40","79.47","81.06","79.12","366.10K","1.01%"
"11/03/2009","79.60","78.09","79.77","76.55","373.99K","1.88%"
"11/02/2009","78.13","77.02","78.66","76.56","371.01K","1.47%"
"10/30/2009","77.00","79.98","80.21","76.85","412.39K","-3.59%"
"10/29/2009","79.87","78.75","80.46","77.03","360.58K","3.11%"
"10/28/2009","77.46","79.47","79.83","77.06","359.44K","-2.63%"
"10/27/2009","79.55","78.68","79.89","77.81","375.67K","1.11%"
"10/26/2009","78.68","79.65","81.58","77.97","363.91K","-2.26%"
"10/23/2009","80.50","81.26","81.78","79.55","293.75K","-0.85%"
"10/22/2009","81.19","81.04","81.50","79.86","295.41K","-0.22%"
"10/21/2009","81.37","78.69","82.00","77.64","395.74K","2.88%"
"10/20/2009","79.09","79.61","80.05","78.05","40.16K","-0.65%"
"10/19/2009","79.61","78.56","79.69","78.05","131.53K","1.38%"
"10/16/2009","78.53","77.76","78.75","76.82","238.42K","1.22%"
"10/15/2009","77.58","75.34","77.97","74.79","355.57K","3.19%"
"10/14/2009","75.18","74.40","75.53","74.40","296.01K","1.39%"
"10/13/2009","74.15","73.17","74.55","72.83","361.15K","1.20%"
"10/12/2009","73.27","72.24","73.84","72.05","260.23K","2.09%"
"10/09/2009","71.77","71.42","72.35","70.62","322.28K","0.11%"
"10/08/2009","71.69","69.80","72.55","69.17","405.21K","3.05%"
"10/07/2009","69.57","71.16","71.76","68.88","346.92K","-1.85%"
"10/06/2009","70.88","70.26","71.97","70.06","313.29K","0.67%"
"10/05/2009","70.41","69.81","71.00","68.05","346.92K","0.66%"
"10/02/2009","69.95","70.35","70.69","68.32","312.01K","-1.23%"
"10/01/2009","70.82","70.40","71.39","69.13","334.69K","0.30%"
"09/30/2009","70.61","66.71","70.72","66.22","386.69K","5.85%"
"09/29/2009","66.71","67.11","67.33","65.82","247.35K","-0.19%"
"09/28/2009","66.84","66.15","67.54","65.41","231.41K","1.24%"
"09/25/2009","66.02","65.92","67.09","65.05","315.32K","0.20%"
"09/24/2009","65.89","68.33","68.77","65.60","357.46K","-4.47%"
"09/23/2009","68.97","71.63","71.81","68.04","307.58K","-3.61%"
"09/22/2009","71.55","69.67","71.85","69.61","31.20K","2.64%"
"09/21/2009","69.71","71.78","72.20","68.96","142.85K","-3.23%"
"09/18/2009","72.04","72.40","72.66","71.27","165.70K","-0.59%"
"09/17/2009","72.47","72.31","73.16","71.66","235.71K","-0.06%"
"09/16/2009","72.51","70.40","72.56","70.14","291.95K","2.23%"
"09/15/2009","70.93","68.78","71.19","68.48","288.04K","3.01%"
"09/14/2009","68.86","69.15","69.51","68.02","255.72K","-0.62%"
"09/11/2009","69.29","72.05","72.90","68.82","374.69K","-3.68%"
"09/10/2009","71.94","71.64","72.44","70.86","345.55K","0.88%"
"09/09/2009","71.31","71.33","72.52","70.66","331.98K","0.30%"
"09/08/2009","71.10","67.87","71.79","67.54","374.24K","4.53%"
"09/04/2009","68.02","68.19","68.78","67.12","229.78K","0.09%"
"09/03/2009","67.96","68.15","69.40","67.66","231.97K","-0.13%"
"09/02/2009","68.05","67.70","68.80","67.05","269.50K","0.00%"
"09/01/2009","68.05","69.85","71.37","68.00","336.84K","-2.73%"
"08/31/2009","69.96","71.00","73.36","69.13","276.97K","-3.82%"
"08/28/2009","72.74","72.86","73.52","71.78","239.22K","0.34%"
"08/27/2009","72.49","71.36","72.95","69.83","272.73K","1.48%"
"08/26/2009","71.43","71.35","72.64","70.67","255.50K","-0.86%"
"08/25/2009","72.05","73.97","75.00","71.11","324.40K","-3.12%"
"08/24/2009","74.37","73.75","74.81","73.57","208.70K","0.65%"
"08/21/2009","73.89","72.88","74.72","72.03","246.23K","1.86%"
"08/20/2009","72.54","72.15","72.88","71.65","35.49K","0.17%"
"08/19/2009","72.42","70.25","72.80","68.05","126.68K","4.67%"
"08/18/2009","69.19","66.80","70.29","66.11","182.99K","3.66%"
"08/17/2009","66.75","67.69","67.69","65.23","264.79K","-1.13%"
"08/14/2009","67.51","70.90","71.60","67.12","320.14K","-4.27%"
"08/13/2009","70.52","70.54","72.21","70.05","322.97K","0.51%"
"08/12/2009","70.16","69.67","71.13","68.84","342.27K","1.02%"
"08/11/2009","69.45","70.76","71.25","68.71","389.08K","-1.63%"
"08/10/2009","70.60","70.67","71.57","70.09","304.09K","-0.47%"
"08/07/2009","70.93","71.81","72.84","70.38","367.02K","-1.40%"
"08/06/2009","71.94","71.83","72.42","70.18","328.67K","-0.04%"
"08/05/2009","71.97","71.82","72.10","69.71","307.55K","0.77%"
"08/04/2009","71.42","71.34","71.95","70.16","285.88K","-0.22%"
"08/03/2009","71.58","69.30","72.20","69.09","323.46K","3.07%"
"07/31/2009","69.45","66.69","69.74","64.96","400.84K","3.75%"
"07/30/2009","66.94","62.86","67.29","62.76","344.22K","5.67%"
"07/29/2009","63.35","66.68","67.01","62.70","342.41K","-5.77%"
"07/28/2009","67.23","68.26","68.86","66.48","253.56K","-1.68%"
"07/27/2009","68.38","68.05","68.99","67.60","245.18K","0.48%"
"07/24/2009","68.05","66.62","68.20","66.46","217.27K","1.33%"
"07/23/2009","67.16","65.40","67.49","64.40","321.63K","2.69%"
"07/22/2009","65.40","65.03","65.77","63.76","319.99K","1.05%"
"07/21/2009","64.72","64.20","65.53","63.51","32.22K","1.16%"
"07/20/2009","63.98","63.38","64.90","63.19","125.15K","0.66%"
"07/17/2009","63.56","62.24","63.99","61.04","186.32K","2.48%"
"07/16/2009","62.02","62.00","62.25","60.29","250.04K","0.78%"
"07/15/2009","61.54","59.79","62.00","59.65","279.73K","3.39%"
"07/14/2009","59.52","60.14","61.46","59.15","305.95K","-0.28%"
"07/13/2009","59.69","59.86","60.67","58.32","301.91K","-0.33%"
"07/10/2009","59.89","60.45","60.89","58.72","264.75K","-0.86%"
"07/09/2009","60.41","60.38","61.62","59.25","314.80K","0.45%"
"07/08/2009","60.14","62.31","62.68","60.01","334.96K","-4.43%"
"07/07/2009","62.93","64.19","64.91","62.21","262.36K","-1.75%"
"07/06/2009","64.05","66.49","67.17","63.40","256.99K","-4.02%"
"07/02/2009","66.73","69.22","69.74","66.26","243.25K","-3.72%"
"07/01/2009","69.31","70.45","71.85","68.52","304.64K","-0.83%"
"06/30/2009","69.89","71.60","73.38","68.90","331.55K","-2.24%"
"06/29/2009","71.49","69.25","71.92","68.36","229.88K","3.37%"
"06/26/2009","69.16","70.34","71.29","68.81","208.03K","-1.52%"
"06/25/2009","70.23","68.29","70.93","68.11","254.94K","2.27%"
"06/24/2009","68.67","68.55","69.86","68.06","242.86K","-0.82%"
"06/23/2009","69.24","67.15","69.68","66.37","279.90K","3.45%"
"06/22/2009","66.93","69.89","69.89","66.25","32.07K","-3.77%"
"06/19/2009","69.55","71.35","72.30","68.90","115.71K","-2.55%"
"06/18/2009","71.37","70.82","71.75","70.22","178.85K","0.48%"
"06/17/2009","71.03","70.26","71.28","69.00","265.58K","0.79%"
"06/16/2009","70.47","70.31","72.77","69.80","266.35K","-0.21%"
"06/15/2009","70.62","72.20","72.35","69.58","242.21K","-1.97%"
"06/12/2009","72.04","72.43","72.63","70.80","224.60K","-0.88%"
"06/11/2009","72.68","71.46","73.23","71.32","314.79K","1.89%"
"06/10/2009","71.33","70.51","71.79","70.43","346.25K","1.89%"
"06/09/2009","70.01","68.69","70.69","68.43","316.88K","2.82%"
"06/08/2009","68.09","68.32","68.95","66.78","289.28K","-0.51%"
"06/05/2009","68.44","68.73","70.32","67.54","329.26K","-0.54%"
"06/04/2009","68.81","66.09","69.60","65.92","304.67K","4.07%"
"06/03/2009","66.12","68.25","68.95","64.95","322.37K","-3.54%"
"06/02/2009","68.55","68.04","69.05","67.50","266.86K","-0.04%"
"06/01/2009","68.58","66.48","68.68","66.23","234.08K","3.42%"
"05/29/2009","66.31","64.77","66.64","64.68","261.37K","1.89%"
"05/28/2009","65.08","62.91","65.44","62.75","281.44K","2.57%"
"05/27/2009","63.45","62.87","63.82","62.19","261.89K","1.60%"
"05/26/2009","62.45","61.50","62.54","59.53","267.13K","1.26%"
"05/22/2009","61.67","61.05","61.98","60.50","186.30K","1.02%"
"05/21/2009","61.05","61.68","61.87","59.92","237.41K","-1.60%"
"05/20/2009","62.04","60.18","62.26","59.86","270.02K","4.01%"
"05/19/2009","59.65","59.16","60.48","58.55","40.96K","1.05%"
"05/18/2009","59.03","56.47","59.33","56.12","134.71K","4.77%"
"05/15/2009","56.34","58.54","58.88","56.07","216.09K","-3.89%"
"05/14/2009","58.62","57.73","59.00","56.55","260.46K","1.03%"
"05/13/2009","58.02","59.29","59.90","57.41","311.80K","-1.41%"
"05/12/2009","58.85","58.10","60.08","57.81","305.96K","0.60%"
"05/11/2009","58.50","58.49","58.63","56.78","290.03K","-0.22%"
"05/08/2009","58.63","56.50","58.75","56.15","291.82K","3.39%"
"05/07/2009","56.71","56.30","58.57","55.46","377.83K","0.66%"
"05/06/2009","56.34","54.12","56.47","53.57","334.30K","4.64%"
"05/05/2009","53.84","54.46","54.83","53.50","234.31K","-1.16%"
"05/04/2009","54.47","52.62","54.64","52.56","229.78K","2.39%"
"05/01/2009","53.20","50.95","53.65","50.43","248.75K","4.07%"
"04/30/2009","51.12","50.79","51.94","50.21","208.30K","0.29%"
"04/29/2009","50.97","49.25","51.42","49.12","234.83K","2.10%"
"04/28/2009","49.92","50.10","50.19","48.55","186.82K","-0.44%"
"04/27/2009","50.14","51.45","51.45","48.01","265.29K","-2.74%"
"04/24/2009","51.55","49.65","51.75","49.06","230.87K","3.89%"
"04/23/2009","49.62","48.49","49.92","48.37","227.30K","1.58%"
"04/22/2009","48.85","48.68","49.09","47.70","238.73K","5.03%"
"04/21/2009","46.51","45.26","47.20","43.83","23.86K","1.37%"
"04/20/2009","45.88","50.16","50.31","45.44","89.90K","-8.84%"
"04/17/2009","50.33","49.93","51.37","49.41","137.02K","0.70%"
"04/16/2009","49.98","49.70","50.48","49.11","196.96K","1.48%"
"04/15/2009","49.25","49.16","50.79","48.91","228.06K","-0.32%"
"04/14/2009","49.41","49.96","51.12","48.85","284.71K","-1.28%"
"04/13/2009","50.05","52.00","52.15","48.84","290.46K","-4.19%"
"04/09/2009","52.24","49.96","52.45","49.72","294.84K","5.79%"
"04/08/2009","49.38","48.47","51.30","47.37","352.61K","0.47%"
"04/07/2009","49.15","51.39","51.82","48.40","254.03K","-3.72%"
"04/06/2009","51.05","52.40","53.60","49.81","228.98K","-2.78%"
"04/03/2009","52.51","52.36","53.90","51.02","212.17K","-0.25%"
"04/02/2009","52.64","48.45","52.87","48.45","270.27K","8.78%"
"04/01/2009","48.39","48.96","48.96","47.26","234.22K","-2.56%"
"03/31/2009","49.66","48.64","50.00","47.77","240.25K","2.58%"
"03/30/2009","48.41","52.25","52.25","48.11","222.17K","-7.58%"
"03/27/2009","52.38","54.00","54.28","51.64","181.17K","-3.61%"
"03/26/2009","54.34","52.84","54.66","52.76","196.92K","2.98%"
"03/25/2009","52.77","53.73","54.18","51.86","283.73K","-2.24%"
"03/24/2009","53.98","53.83","54.20","52.45","212.79K","0.33%"
"03/23/2009","53.80","52.13","54.05","51.62","229.89K","5.37%"
"03/20/2009","51.06","51.06","52.13","50.30","25.55K","-1.07%"
"03/19/2009","51.61","49.73","52.25","48.78","96.38K","7.21%"
"03/18/2009","48.14","48.67","49.87","46.92","125.34K","-2.07%"
"03/17/2009","49.16","47.06","49.82","46.53","214.93K","3.82%"
"03/16/2009","47.35","45.20","47.63","43.62","240.08K","2.38%"
"03/13/2009","46.25","47.21","48.14","45.60","221.03K","-1.66%"
"03/12/2009","47.03","42.73","47.22","42.51","316.57K","11.10%"
"03/11/2009","42.33","45.57","46.04","42.08","339.88K","-7.39%"
"03/10/2009","45.71","47.25","48.32","45.33","289.16K","-2.89%"
"03/09/2009","47.07","45.76","48.83","44.97","390.59K","3.41%"
"03/06/2009","45.52","43.61","46.30","43.45","306.35K","4.38%"
"03/05/2009","43.61","45.42","45.70","42.86","228.19K","-3.90%"
"03/04/2009","45.38","41.38","45.76","41.04","319.76K","8.96%"
"03/03/2009","41.65","40.10","42.07","39.44","241.54K","3.74%"
"03/02/2009","40.15","44.34","44.49","39.84","245.23K","-10.30%"
"02/27/2009","44.76","44.59","44.91","42.55","274.58K","-1.02%"
"02/26/2009","45.22","42.39","45.30","42.27","287.20K","6.40%"
"02/25/2009","42.50","39.92","42.83","39.40","323.43K","6.36%"
"02/24/2009","39.96","38.10","40.13","37.65","238.19K","3.95%"
"02/23/2009","38.44","39.73","41.49","37.87","285.91K","-1.28%"
"02/20/2009","38.94","38.86","39.50","36.91","25.55K","-1.37%"
"02/19/2009","39.48","34.75","39.85","34.59","82.55K","14.04%"
"02/18/2009","34.62","35.02","36.22","34.13","73.86K","-0.89%"
"02/17/2009","34.93","37.81","38.49","34.45","153.71K","-6.88%"
"02/13/2009","37.51","34.36","38.25","33.81","281.71K","10.39%"
"02/12/2009","33.98","35.92","36.25","33.55","326.18K","-5.45%"
"02/11/2009","35.94","38.15","38.47","35.65","315.65K","-4.29%"
"02/10/2009","37.55","39.76","41.80","37.35","359.67K","-5.08%"
"02/09/2009","39.56","39.88","42.43","39.42","317.50K","-1.52%"
"02/06/2009","40.17","41.00","42.68","38.60","518.38K","-2.43%"
"02/05/2009","41.17","40.30","41.25","39.46","229.73K","2.11%"
"02/04/2009","40.32","40.93","41.92","39.74","254.20K","-1.13%"
"02/03/2009","40.78","40.28","41.17","39.65","244.62K","1.75%"
"02/02/2009","40.08","41.75","42.31","39.83","263.65K","-3.84%"
"01/30/2009","41.68","41.65","43.44","41.02","237.73K","0.58%"
"01/29/2009","41.44","42.22","42.32","40.18","245.85K","-1.71%"
"01/28/2009","42.16","41.99","43.60","40.60","291.42K","1.39%"
"01/27/2009","41.58","45.65","47.49","41.41","308.44K","-9.08%"
"01/26/2009","45.73","46.05","48.59","45.25","277.50K","-1.59%"
"01/23/2009","46.47","43.26","47.00","41.40","269.76K","6.41%"