"Date","Price","Open","High","Low","Change %"
"01/23/2014","3.684","3.766","3.766","3.661","-2.07%"
"01/22/2014","3.762","3.743","3.766","3.734","0.32%"
"01/21/2014","3.750","3.750","3.778","3.734","0.00%"
"01/20/2014","3.750","3.751","3.751","3.750","-0.03%"
"01/17/2014","3.751","3.772","3.788","3.746","-0.58%"
"01/16/2014","3.773","3.822","3.824","3.769","-1.33%"
"01/15/2014","3.824","3.806","3.835","3.797","0.53%"
"01/14/2014","3.804","3.784","3.806","3.773","0.77%"
"01/13/2014","3.775","3.798","3.809","3.763","-0.71%"
"01/10/2014","3.802","3.883","3.891","3.795","-2.01%"
"01/09/2014","3.880","3.889","3.908","3.866","-0.36%"
"01/08/2014","3.894","3.888","3.932","3.884","0.21%"
"01/07/2014","3.886","3.902","3.907","3.880","-0.41%"
"01/06/2014","3.902","3.941","3.942","3.879","-0.61%"
"01/03/2014","3.926","3.917","3.951","3.908","0.08%"
"01/02/2014","3.923","3.965","3.983","3.909","-1.04%"
"01/01/2014","3.964","3.964","3.964","3.964","0.00%"
"12/31/2013","3.964","3.908","3.974","3.898","1.56%"
"12/30/2013","3.903","4.001","4.001","3.895","-0.94%"
"12/27/2013","3.940","3.925","3.950","3.908","0.36%"
"12/26/2013","3.926","3.912","3.931","3.890","0.40%"
"12/25/2013","3.910","3.897","3.910","3.897","0.34%"
"12/24/2013","3.897","3.851","3.902","3.834","1.19%"
"12/23/2013","3.851","3.812","3.853","3.779","0.63%"
"12/20/2013","3.827","3.922","3.922","3.814","-2.15%"
"12/19/2013","3.911","3.898","3.918","3.883","0.10%"
"12/18/2013","3.907","3.872","3.953","3.847","1.03%"
"12/17/2013","3.867","3.889","3.917","3.867","-0.74%"
"12/16/2013","3.896","3.874","3.901","3.842","0.54%"
"12/13/2013","3.875","3.893","3.910","3.866","-0.51%"
"12/12/2013","3.895","3.886","3.905","3.863","0.21%"
"12/11/2013","3.887","3.852","3.888","3.836","1.22%"
"12/10/2013","3.840","3.875","3.878","3.827","-0.83%"
"12/09/2013","3.872","3.897","3.899","3.869","-0.46%"
"12/06/2013","3.890","3.919","3.980","3.882","-0.66%"
"12/05/2013","3.916","3.901","3.925","3.883","0.33%"
"12/04/2013","3.903","3.851","3.916","3.843","1.48%"
"12/03/2013","3.846","3.861","3.867","3.828","-0.31%"
"12/02/2013","3.858","3.825","3.869","3.824","1.07%"
"11/29/2013","3.817","3.821","3.842","3.804","-0.16%"
"11/28/2013","3.823","3.815","3.823","3.815","0.16%"
"11/27/2013","3.817","3.806","3.842","3.795","0.45%"
"11/26/2013","3.800","3.806","3.822","3.784","-0.52%"
"11/25/2013","3.820","3.835","3.854","3.812","-0.34%"
"11/22/2013","3.833","3.887","3.899","3.828","-1.44%"
"11/21/2013","3.889","3.927","3.938","3.879","-0.69%"
"11/20/2013","3.916","3.803","3.917","3.784","2.94%"
"11/19/2013","3.804","3.757","3.808","3.749","1.25%"
"11/18/2013","3.757","3.804","3.809","3.751","-1.03%"
"11/15/2013","3.796","3.794","3.820","3.787","0.18%"
"11/14/2013","3.789","3.818","3.825","3.763","-0.97%"
"11/13/2013","3.826","3.859","3.861","3.812","-0.80%"
"11/12/2013","3.857","3.872","3.887","3.848","-0.38%"
"11/11/2013","3.872","3.869","3.874","3.869","0.62%"
"11/08/2013","3.848","3.713","3.855","3.705","3.80%"
"11/07/2013","3.707","3.778","3.783","3.704","-1.83%"
"11/06/2013","3.776","3.771","3.787","3.752","0.13%"
"11/05/2013","3.771","3.696","3.773","3.687","2.08%"
"11/04/2013","3.694","3.695","3.705","3.672","0.00%"
"11/01/2013","3.694","3.643","3.702","3.637","1.51%"
"10/31/2013","3.639","3.645","3.659","3.610","-0.08%"
"10/30/2013","3.642","3.617","3.656","3.590","0.80%"
"10/29/2013","3.613","3.615","3.634","3.601","-0.14%"
"10/28/2013","3.618","3.601","3.621","3.590","0.47%"
"10/25/2013","3.601","3.614","3.614","3.585","-0.33%"
"10/24/2013","3.613","3.591","3.615","3.565","0.64%"
"10/23/2013","3.590","3.608","3.613","3.567","-0.58%"
"10/22/2013","3.611","3.675","3.682","3.601","-1.66%"
"10/21/2013","3.672","3.654","3.689","3.647","0.63%"
"10/18/2013","3.649","3.666","3.672","3.617","-0.33%"
"10/17/2013","3.661","3.730","3.730","3.650","-1.64%"
"10/16/2013","3.722","3.799","3.804","3.715","-1.61%"
"10/15/2013","3.783","3.796","3.797","3.749","-0.35%"
"10/14/2013","3.796","3.795","3.796","3.794","1.37%"
"10/11/2013","3.745","3.734","3.749","3.697","0.32%"
"10/10/2013","3.733","3.744","3.787","3.730","-0.08%"
"10/09/2013","3.736","3.692","3.744","3.685","1.14%"
"10/08/2013","3.694","3.695","3.726","3.678","-0.03%"
"10/07/2013","3.695","3.719","3.721","3.685","-0.65%"
"10/04/2013","3.719","3.730","3.740","3.710","0.35%"
"10/03/2013","3.706","3.704","3.733","3.679","0.11%"
"10/02/2013","3.702","3.722","3.726","3.673","-0.38%"
"10/01/2013","3.716","3.688","3.733","3.685","0.65%"
"09/30/2013","3.692","3.680","3.704","3.656","0.16%"
"09/27/2013","3.686","3.698","3.718","3.668","-0.32%"
"09/26/2013","3.698","3.676","3.701","3.665","0.87%"
"09/25/2013","3.666","3.671","3.693","3.642","-0.08%"
"09/24/2013","3.669","3.729","3.733","3.665","-1.58%"
"09/23/2013","3.728","3.764","3.779","3.724","-0.96%"
"09/20/2013","3.764","3.805","3.818","3.754","-0.92%"
"09/19/2013","3.799","3.776","3.810","3.747","1.39%"
"09/18/2013","3.747","3.827","3.881","3.731","-2.19%"
"09/17/2013","3.831","3.871","3.875","3.824","-0.83%"
"09/16/2013","3.863","3.839","3.879","3.783","0.65%"
"09/13/2013","3.838","3.856","3.882","3.817","-0.29%"
"09/12/2013","3.849","3.857","3.859","3.807","-0.05%"
"09/11/2013","3.851","3.901","3.913","3.847","-1.10%"
"09/10/2013","3.894","3.856","3.901","3.845","1.09%"
"09/09/2013","3.852","3.922","3.922","3.816","-0.38%"
"09/07/2013","3.867","3.867","3.867","3.867","0.00%"
"09/06/2013","3.867","3.883","3.905","3.810","-0.49%"
"09/05/2013","3.886","3.796","3.894","3.784","2.37%"
"09/04/2013","3.796","3.792","3.813","3.770","0.08%"
"09/03/2013","3.793","3.741","3.831","3.728","1.51%"
"09/02/2013","3.736","3.741","3.742","3.728","0.55%"
"08/30/2013","3.716","3.719","3.742","3.673","0.08%"
"08/29/2013","3.713","3.746","3.783","3.691","-0.62%"
"08/28/2013","3.736","3.699","3.767","3.684","1.19%"
"08/27/2013","3.692","3.778","3.792","3.689","-1.99%"
"08/26/2013","3.767","3.804","3.846","3.767","-0.82%"
"08/23/2013","3.798","3.877","3.897","3.791","-1.99%"
"08/22/2013","3.875","3.922","3.940","3.860","-1.17%"
"08/21/2013","3.921","3.858","3.924","3.847","1.74%"
"08/20/2013","3.854","3.895","3.901","3.841","-1.20%"
"08/19/2013","3.901","3.864","3.914","3.854","1.40%"
"08/16/2013","3.847","3.807","3.885","3.800","1.08%"
"08/15/2013","3.806","3.743","3.838","3.737","1.57%"
"08/14/2013","3.747","3.759","3.763","3.735","-0.32%"
"08/13/2013","3.759","3.693","3.767","3.691","2.06%"
"08/12/2013","3.683","3.635","3.688","3.602","1.29%"
"08/10/2013","3.636","3.636","3.636","3.636","0.00%"
"08/09/2013","3.636","3.656","3.674","3.631","-1.06%"
"08/08/2013","3.675","3.686","3.691","3.640","-0.27%"
"08/07/2013","3.685","3.725","3.729","3.675","-1.18%"
"08/06/2013","3.729","3.731","3.759","3.718","-0.08%"
"08/05/2013","3.732","3.686","3.749","3.685","1.19%"
"08/03/2013","3.688","3.688","3.688","3.688","0.00%"
"08/02/2013","3.688","3.760","3.781","3.685","-1.76%"
"08/01/2013","3.754","3.650","3.774","3.645","2.96%"
"07/31/2013","3.646","3.679","3.742","3.629","-0.76%"
"07/30/2013","3.674","3.675","3.684","3.639","0.08%"
"07/29/2013","3.671","3.621","3.676","3.609","1.36%"
"07/27/2013","3.622","3.622","3.622","3.622","0.00%"
"07/26/2013","3.622","3.648","3.653","3.609","-0.66%"
"07/25/2013","3.646","3.648","3.688","3.633","0.03%"
"07/24/2013","3.645","3.581","3.688","3.581","1.82%"
"07/23/2013","3.580","3.557","3.605","3.540","0.87%"
"07/22/2013","3.549","3.565","3.565","3.532","-0.29%"
"07/20/2013","3.559","3.559","3.559","3.559","0.00%"
"07/19/2013","3.559","3.632","3.640","3.556","-2.12%"
"07/18/2013","3.636","3.577","3.645","3.562","1.65%"
"07/17/2013","3.577","3.589","3.621","3.544","-0.14%"
"07/16/2013","3.582","3.598","3.611","3.570","-0.36%"
"07/15/2013","3.595","3.635","3.685","3.590","-1.11%"
"07/13/2013","3.635","3.635","3.635","3.635","0.00%"
"07/12/2013","3.635","3.623","3.653","3.588","0.25%"
"07/11/2013","3.626","3.600","3.673","3.593","-1.55%"
"07/10/2013","3.683","3.651","3.793","3.632","0.88%"
"07/09/2013","3.651","3.636","3.659","3.628","0.41%"
"07/08/2013","3.636","3.708","3.722","3.631","-1.95%"
"07/06/2013","3.708","3.708","3.708","3.708","0.00%"
"07/05/2013","3.708","3.511","3.717","3.494","6.15%"
"07/04/2013","3.493","3.493","3.493","3.493","0.00%"
"07/03/2013","3.493","3.480","3.499","3.418","0.52%"
"07/02/2013","3.475","3.483","3.489","3.451","-0.06%"
"07/01/2013","3.477","3.507","3.559","3.474","-0.64%"
"06/29/2013","3.499","3.499","3.499","3.499","0.00%"
"06/28/2013","3.499","3.543","3.580","3.488","-0.99%"
"06/27/2013","3.534","3.575","3.601","3.516","-1.37%"
"06/26/2013","3.583","3.633","3.638","3.556","-1.27%"
"06/25/2013","3.629","3.545","3.631","3.508","2.02%"
"06/24/2013","3.557","3.587","3.652","3.543","-1.05%"
"06/22/2013","3.595","3.595","3.595","3.595","0.00%"
"06/21/2013","3.595","3.502","3.601","3.467","2.19%"
"06/20/2013","3.518","3.421","3.548","3.401","2.75%"
"06/19/2013","3.424","3.343","3.429","3.316","2.48%"
"06/18/2013","3.341","3.349","3.377","3.325","-0.27%"
"06/17/2013","3.350","3.319","3.358","3.286","1.40%"
"06/15/2013","3.304","3.304","3.304","3.304","0.00%"
"06/14/2013","3.304","3.326","3.333","3.272","-0.27%"
"06/13/2013","3.313","3.373","3.374","3.295","-1.75%"
"06/12/2013","3.372","3.319","3.385","3.304","1.63%"
"06/11/2013","3.318","3.371","3.433","3.300","-1.57%"
"06/10/2013","3.371","3.341","3.382","3.313","0.83%"
"06/08/2013","3.343","3.343","3.343","3.343","0.00%"
"06/07/2013","3.343","3.238","3.344","3.204","3.18%"
"06/06/2013","3.240","3.247","3.286","3.169","-0.15%"
"06/05/2013","3.245","3.317","3.318","3.237","-2.08%"
"06/04/2013","3.314","3.273","3.318","3.255","1.44%"
"06/03/2013","3.267","3.306","3.330","3.226","-0.34%"
"06/01/2013","3.278","3.278","3.278","3.278","0.00%"
"05/31/2013","3.278","3.275","3.356","3.233","-0.09%"
"05/30/2013","3.281","3.265","3.293","3.246","0.46%"
"05/29/2013","3.266","3.318","3.370","3.259","-1.83%"
"05/28/2013","3.327","3.191","3.338","3.190","4.77%"
"05/25/2013","3.175","3.175","3.175","3.175","0.00%"
"05/24/2013","3.175","3.201","3.214","3.151","-0.47%"
"05/23/2013","3.190","3.228","3.244","3.145","-0.87%"
"05/22/2013","3.218","3.122","3.231","3.100","2.75%"
"05/21/2013","3.132","3.172","3.200","3.128","-1.35%"
"05/20/2013","3.175","3.169","3.186","3.127","0.15%"
"05/18/2013","3.170","3.170","3.170","3.170","0.00%"
"05/17/2013","3.170","3.097","3.174","3.079","2.39%"
"05/16/2013","3.096","3.156","3.174","3.076","-2.09%"
"05/15/2013","3.162","3.189","3.199","3.136","-1.19%"
"05/14/2013","3.200","3.123","3.201","3.101","2.33%"
"05/13/2013","3.127","3.142","3.146","3.094","1.00%"
"05/11/2013","3.096","3.096","3.096","3.096","0.00%"
"05/10/2013","3.096","3.021","3.132","3.012","3.37%"
"05/09/2013","2.995","2.989","3.007","2.947","0.27%"
"05/08/2013","2.987","2.996","3.021","2.969","-0.33%"
"05/07/2013","2.997","2.978","3.005","2.960","0.57%"
"05/06/2013","2.980","2.955","2.991","2.944","0.85%"
"05/03/2013","2.955","2.820","2.966","2.820","4.79%"
"05/02/2013","2.820","2.829","2.865","2.818","-0.32%"
"05/01/2013","2.829","2.873","2.888","2.810","-1.77%"
"04/30/2013","2.880","2.880","2.893","2.847","0.17%"
"04/29/2013","2.875","2.862","2.888","2.846","0.45%"
"04/26/2013","2.862","2.912","2.913","2.856","-1.48%"
"04/25/2013","2.905","2.897","2.919","2.890","0.35%"
"04/24/2013","2.895","2.902","2.921","2.884","-0.21%"
"04/23/2013","2.901","2.878","2.905","2.823","0.76%"
"04/22/2013","2.879","2.890","2.921","2.860","-0.14%"
"04/19/2013","2.883","2.866","2.891","2.864","0.70%"
"04/18/2013","2.863","2.878","2.909","2.857","-0.59%"
"04/17/2013","2.880","2.908","2.913","2.846","-0.96%"
"04/16/2013","2.908","2.867","2.921","2.865","1.39%"
"04/15/2013","2.868","2.915","2.945","2.858","-1.71%"
"04/12/2013","2.918","3.000","3.000","2.915","-2.64%"
"04/11/2013","2.997","3.004","3.010","2.982","-0.27%"
"04/10/2013","3.005","2.945","3.007","2.928","2.28%"
"04/09/2013","2.938","2.917","2.942","2.900","0.93%"
"04/08/2013","2.911","2.877","2.920","2.868","1.18%"
"04/05/2013","2.877","2.994","2.998","2.842","-3.81%"
"04/04/2013","2.991","3.045","3.069","2.985","-2.16%"
"04/03/2013","3.057","3.101","3.115","3.037","-1.39%"
"04/02/2013","3.100","3.078","3.110","3.063","0.71%"
"04/01/2013","3.078","3.140","3.140","3.073","-0.84%"
"03/28/2013","3.104","3.089","3.117","3.073","0.58%"
"03/27/2013","3.086","3.147","3.152","3.071","-1.81%"
"03/26/2013","3.143","3.148","3.167","3.125","-0.10%"
"03/25/2013","3.146","3.169","3.192","3.117","-0.10%"
"03/22/2013","3.149","3.131","3.165","3.117","0.45%"
"03/21/2013","3.135","3.194","3.205","3.128","-1.97%"
"03/20/2013","3.198","3.131","3.221","3.126","2.14%"
"03/19/2013","3.131","3.183","3.198","3.112","-1.63%"
"03/18/2013","3.183","3.131","3.195","3.114","-0.90%"
"03/15/2013","3.212","3.241","3.251","3.207","-0.93%"
"03/14/2013","3.242","3.223","3.258","3.217","0.68%"
"03/13/2013","3.220","3.218","3.247","3.198","0.12%"
"03/12/2013","3.216","3.271","3.274","3.211","-1.35%"
"03/11/2013","3.260","3.251","3.270","3.237","0.37%"
"03/08/2013","3.248","3.208","3.286","3.202","1.47%"
"03/07/2013","3.201","3.148","3.207","3.135","1.52%"
"03/06/2013","3.153","3.106","3.157","3.104","1.48%"
"03/05/2013","3.107","3.087","3.118","3.082","0.62%"
"03/04/2013","3.088","3.049","3.090","3.037","1.08%"
"03/01/2013","3.055","3.086","3.086","3.045","-1.13%"
"02/28/2013","3.090","3.095","3.115","3.072","-0.26%"
"02/27/2013","3.098","3.080","3.115","3.035","0.55%"
"02/26/2013","3.081","3.075","3.086","3.030","0.65%"
"02/25/2013","3.061","3.168","3.197","3.050","-2.89%"
"02/22/2013","3.152","3.170","3.187","3.146","-0.41%"
"02/21/2013","3.165","3.201","3.208","3.146","-1.12%"
"02/20/2013","3.201","3.212","3.240","3.192","-0.25%"
"02/19/2013","3.209","3.184","3.216","3.161","0.91%"
"02/15/2013","3.180","3.165","3.206","3.143","0.06%"
"02/14/2013","3.178","3.234","3.245","3.169","-1.76%"
"02/13/2013","3.235","3.189","3.245","3.182","1.44%"
"02/12/2013","3.189","3.174","3.195","3.160","0.47%"
"02/11/2013","3.174","3.163","3.189","3.150","0.35%"
"02/08/2013","3.163","3.173","3.207","3.148","-0.38%"
"02/07/2013","3.175","3.174","3.208","3.139","0.09%"
"02/06/2013","3.172","3.215","3.227","3.163","-1.28%"
"02/05/2013","3.213","3.167","3.223","3.157","1.61%"
"02/04/2013","3.162","3.234","3.254","3.154","-2.04%"
"02/01/2013","3.228","3.181","3.236","3.125","1.89%"
"01/31/2013","3.168","3.181","3.201","3.158","-0.38%"
"01/30/2013","3.180","3.184","3.222","3.157","-0.13%"
"01/29/2013","3.184","3.140","3.187","3.127","1.27%"
"01/28/2013","3.144","3.144","3.181","3.115","0.38%"
"01/25/2013","3.132","3.051","3.139","3.043","2.82%"
"01/24/2013","3.046","3.013","3.066","3.002","0.79%"
"01/23/2013","3.022","3.029","3.034","3.004","-0.13%"
"01/22/2013","3.026","3.052","3.069","3.016","0.00%"
"01/18/2013","3.026","3.070","3.083","3.023","-1.50%"
"01/17/2013","3.072","3.015","3.086","2.995","2.03%"
"01/16/2013","3.011","3.029","3.029","2.985","-0.50%"
"01/15/2013","3.026","3.040","3.042","2.991","-0.33%"
"01/14/2013","3.036","3.045","3.056","3.008","-0.30%"
"01/11/2013","3.045","3.095","3.106","3.035","-1.17%"
"01/10/2013","3.081","3.066","3.103","3.059","0.62%"
"01/09/2013","3.062","3.073","3.095","3.046","-0.10%"
"01/08/2013","3.065","3.098","3.110","3.059","-1.16%"
"01/07/2013","3.101","3.101","3.119","3.074","0.03%"
"01/04/2013","3.100","3.128","3.180","3.092","-0.80%"
"01/03/2013","3.125","3.040","3.134","3.023","2.80%"
"01/02/2013","3.040","2.952","3.059","2.952","2.98%"
"12/31/2012","2.952","2.868","2.956","2.865","2.93%"
"12/28/2012","2.868","2.922","2.922","2.859","-1.17%"
"12/27/2012","2.902","2.930","2.964","2.870","-0.68%"
"12/26/2012","2.922","2.946","2.964","2.918","-0.75%"
"12/24/2012","2.944","2.934","2.960","2.931","0.34%"
"12/21/2012","2.934","2.987","2.991","2.917","-1.61%"
"12/20/2012","2.982","2.979","3.001","2.947","-0.37%"
"12/19/2012","2.993","2.996","3.015","2.952","-0.27%"
"12/18/2012","3.001","2.943","3.036","2.934","1.90%"
"12/17/2012","2.945","2.889","2.949","2.866","2.76%"
"12/14/2012","2.866","2.901","2.925","2.856","-1.38%"
"12/13/2012","2.906","2.890","2.930","2.880","0.35%"
"12/12/2012","2.896","2.840","2.905","2.825","1.94%"
"12/11/2012","2.841","2.799","2.847","2.793","1.54%"
"12/10/2012","2.798","2.812","2.815","2.786","-0.39%"
"12/07/2012","2.809","2.777","2.828","2.756","1.33%"
"12/06/2012","2.772","2.786","2.786","2.745","-0.29%"
"12/05/2012","2.780","2.781","2.798","2.755","0.04%"
"12/04/2012","2.779","2.799","2.822","2.773","-0.68%"
"12/03/2012","2.798","2.811","2.851","2.798","-0.43%"
"11/30/2012","2.810","2.796","2.813","2.769","0.46%"
"11/29/2012","2.797","2.799","2.819","2.781","-0.21%"
"11/28/2012","2.803","2.782","2.805","2.746","0.57%"
"11/27/2012","2.787","2.803","2.819","2.779","-0.57%"
"11/26/2012","2.803","2.836","2.836","2.773","-0.92%"
"11/23/2012","2.829","2.820","2.837","2.800","0.32%"
"11/21/2012","2.820","2.818","2.840","2.796","-0.04%"
"11/20/2012","2.821","2.750","2.823","2.750","2.17%"
"11/19/2012","2.761","2.750","2.782","2.741","0.99%"
"11/16/2012","2.734","2.731","2.741","2.695","0.07%"
"11/15/2012","2.732","2.726","2.756","2.702","0.22%"
"11/14/2012","2.726","2.729","2.768","2.712","0.11%"
"11/13/2012","2.723","2.743","2.751","2.705","-0.87%"
"11/09/2012","2.747","2.761","2.782","2.712","-0.18%"
"11/08/2012","2.752","2.841","2.855","2.746","-2.72%"
"11/07/2012","2.829","2.922","2.924","2.806","-3.18%"
"11/06/2012","2.922","2.888","2.928","2.876","1.85%"
"11/05/2012","2.869","2.912","2.917","2.860","-1.27%"
"11/02/2012","2.906","2.903","2.963","2.893","-0.03%"
"11/01/2012","2.907","2.864","2.914","2.864","1.64%"
"10/31/2012","2.860","2.903","2.928","2.851","-0.76%"
"10/29/2012","2.882","2.891","2.911","2.865","-1.03%"
"10/26/2012","2.912","2.985","2.985","2.899","-1.69%"
"10/25/2012","2.962","2.953","3.012","2.948","0.27%"
"10/24/2012","2.954","2.907","2.956","2.904","1.72%"
"10/23/2012","2.904","2.971","2.975","2.893","-2.29%"
"10/22/2012","2.972","2.935","2.979","2.930","1.26%"
"10/19/2012","2.935","3.019","3.021","2.933","-2.52%"
"10/18/2012","3.011","2.999","3.023","2.947","0.23%"
"10/17/2012","3.004","2.943","3.005","2.919","2.95%"
"10/16/2012","2.918","2.849","2.927","2.844","2.46%"
"10/15/2012","2.848","2.836","2.869","2.822","0.60%"
"10/12/2012","2.831","2.855","2.878","2.800","-0.60%"
"10/11/2012","2.848","2.880","2.931","2.847","-1.28%"
"10/10/2012","2.885","2.927","2.962","2.880","-1.37%"
"10/09/2012","2.925","2.931","2.956","2.914","-1.52%"
"10/05/2012","2.970","2.887","2.978","2.871","2.84%"
"10/04/2012","2.888","2.823","2.894","2.823","2.48%"
"10/03/2012","2.818","2.822","2.844","2.796","0.11%"
"10/02/2012","2.815","2.814","2.843","2.803","0.07%"
"10/01/2012","2.813","2.814","2.853","2.803","-0.35%"
"09/28/2012","2.823","2.838","2.845","2.780","-0.67%"
"09/27/2012","2.842","2.790","2.847","2.786","2.16%"
"09/26/2012","2.782","2.842","2.857","2.779","-2.42%"
"09/25/2012","2.851","2.905","2.921","2.845","-1.72%"
"09/24/2012","2.901","2.940","2.960","2.894","-1.56%"
"09/21/2012","2.947","2.948","2.987","2.941","0.10%"
"09/20/2012","2.944","2.966","2.971","2.909","-0.54%"
"09/19/2012","2.960","3.008","3.031","2.953","-1.63%"
"09/18/2012","3.009","3.035","3.036","2.975","-0.89%"
"09/17/2012","3.036","3.092","3.121","3.023","-1.81%"
"09/14/2012","3.092","2.941","3.109","2.940","5.60%"
"09/13/2012","2.928","2.921","3.001","2.876","0.31%"
"09/12/2012","2.919","2.850","2.935","2.848","2.31%"
"09/11/2012","2.853","2.812","2.861","2.802","1.67%"
"09/10/2012","2.806","2.822","2.865","2.797","-0.53%"
"09/07/2012","2.821","2.808","2.867","2.728","0.86%"
"09/06/2012","2.797","2.710","2.799","2.703","3.25%"
"09/05/2012","2.709","2.680","2.712","2.659","0.97%"
"09/04/2012","2.683","2.695","2.713","2.654","0.56%"
"08/31/2012","2.668","2.747","2.779","2.666","-2.91%"
"08/30/2012","2.748","2.773","2.774","2.722","-0.65%"
"08/29/2012","2.766","2.752","2.789","2.737","0.62%"
"08/28/2012","2.749","2.765","2.772","2.723","-0.43%"
"08/27/2012","2.761","2.806","2.806","2.748","-1.39%"
"08/24/2012","2.800","2.803","2.806","2.745","0.50%"
"08/23/2012","2.786","2.811","2.824","2.775","-0.78%"
"08/22/2012","2.808","2.897","2.899","2.803","-3.21%"
"08/21/2012","2.901","2.921","2.982","2.898","-0.82%"
"08/20/2012","2.925","2.950","2.983","2.909","-0.20%"
"08/17/2012","2.931","2.948","2.960","2.910","-0.85%"
"08/16/2012","2.956","2.924","2.984","2.892","1.20%"
"08/15/2012","2.921","2.830","2.922","2.823","3.18%"
"08/14/2012","2.831","2.756","2.839","2.744","2.76%"
"08/13/2012","2.755","2.739","2.755","2.713","0.25%"
"08/10/2012","2.748","2.774","2.774","2.712","-0.43%"
"08/09/2012","2.760","2.747","2.810","2.742","0.25%"
"08/08/2012","2.753","2.720","2.759","2.695","1.18%"
"08/07/2012","2.721","2.652","2.739","2.645","2.60%"
"08/06/2012","2.652","2.655","2.662","2.619","0.11%"
"08/03/2012","2.649","2.557","2.681","2.548","3.76%"
"08/02/2012","2.553","2.609","2.653","2.508","-1.69%"
"08/01/2012","2.597","2.550","2.618","2.548","1.84%"
"07/31/2012","2.550","2.586","2.610","2.546","-1.12%"
"07/30/2012","2.579","2.628","2.645","2.569","-1.60%"
"07/27/2012","2.621","2.507","2.678","2.494","4.71%"
"07/26/2012","2.503","2.463","2.508","2.443","2.04%"
"07/25/2012","2.453","2.454","2.502","2.447","-0.20%"
"07/24/2012","2.458","2.501","2.540","2.454","-2.07%"
"07/23/2012","2.510","2.538","2.541","2.477","-1.41%"
"07/20/2012","2.546","2.614","2.615","2.533","-2.49%"
"07/19/2012","2.611","2.597","2.631","2.586","0.58%"
"07/18/2012","2.596","2.606","2.608","2.568","-0.31%"
"07/17/2012","2.604","2.577","2.606","2.553","1.88%"
"07/16/2012","2.556","2.578","2.578","2.517","-0.85%"
"07/13/2012","2.578","2.561","2.603","2.551","0.62%"
"07/12/2012","2.562","2.615","2.617","2.559","-1.88%"
"07/11/2012","2.611","2.610","2.628","2.562","0.35%"
"07/10/2012","2.602","2.626","2.643","2.594","-0.76%"
"07/09/2012","2.622","2.662","2.664","2.614","-1.54%"
"07/06/2012","2.663","2.721","2.724","2.656","-2.02%"
"07/05/2012","2.718","2.714","2.749","2.695","-0.80%"
"07/03/2012","2.740","2.695","2.746","2.693","1.71%"
"07/02/2012","2.694","2.759","2.761","2.654","-2.18%"
"06/29/2012","2.754","2.664","2.780","2.663","2.68%"
"06/28/2012","2.682","2.703","2.704","2.653","-0.41%"
"06/27/2012","2.693","2.703","2.718","2.683","-0.26%"
"06/26/2012","2.700","2.688","2.720","2.677","0.90%"
"06/25/2012","2.676","2.754","2.755","2.674","-3.08%"
"06/22/2012","2.761","2.693","2.764","2.681","2.72%"
"06/21/2012","2.688","2.730","2.747","2.661","-1.39%"
"06/20/2012","2.726","2.736","2.798","2.689","-0.29%"
"06/19/2012","2.734","2.662","2.741","2.645","2.74%"
"06/18/2012","2.661","2.755","2.783","2.651","-1.19%"
"06/15/2012","2.693","2.736","2.738","2.673","-1.72%"
"06/14/2012","2.740","2.724","2.746","2.697","0.88%"
"06/13/2012","2.716","2.766","2.822","2.696","-1.95%"
"06/12/2012","2.770","2.704","2.776","2.704","2.37%"
"06/11/2012","2.706","2.832","2.854","2.700","-1.35%"
"06/08/2012","2.743","2.745","2.773","2.652","0.00%"
"06/07/2012","2.743","2.746","2.779","2.693","0.26%"
"06/06/2012","2.736","2.644","2.751","2.616","3.60%"
"06/05/2012","2.641","2.605","2.649","2.550","3.00%"
"06/04/2012","2.564","2.524","2.587","2.519","1.42%"
"06/01/2012","2.528","2.654","2.658","2.510","-4.28%"
"05/31/2012","2.641","2.719","2.746","2.585","-2.65%"
"05/30/2012","2.713","2.849","2.849","2.699","-4.94%"
"05/29/2012","2.854","2.860","2.872","2.819","0.18%"
"05/25/2012","2.849","2.875","2.884","2.831","-0.97%"
"05/24/2012","2.877","2.822","2.878","2.786","2.17%"
"05/23/2012","2.816","2.874","2.875","2.783","-1.95%"
"05/22/2012","2.872","2.816","2.897","2.816","2.28%"
"05/21/2012","2.808","2.816","2.860","2.785","0.21%"
"05/18/2012","2.802","2.796","2.847","2.785","0.72%"
"05/17/2012","2.782","2.915","2.934","2.781","-4.00%"
"05/16/2012","2.898","2.922","2.960","2.890","-0.79%"
"05/15/2012","2.921","2.932","2.969","2.913","-0.17%"
"05/14/2012","2.926","3.006","3.019","2.920","-2.92%"
"05/11/2012","3.014","3.043","3.049","3.011","-0.92%"
"05/10/2012","3.042","3.026","3.107","3.019","0.43%"
"05/09/2012","3.029","3.037","3.054","2.985","-0.26%"
"05/08/2012","3.037","3.061","3.071","3.002","-0.72%"
"05/07/2012","3.059","3.047","3.072","3.023","-0.42%"
"05/04/2012","3.072","3.120","3.144","3.066","-1.60%"
"05/03/2012","3.122","3.118","3.146","3.104","0.16%"
"05/02/2012","3.117","3.156","3.169","3.101","-0.98%"
"05/01/2012","3.148","3.118","3.168","3.091","1.09%"
"04/30/2012","3.114","3.118","3.139","3.094","-0.19%"
"04/27/2012","3.120","3.108","3.142","3.060","-0.16%"
"04/26/2012","3.125","3.152","3.164","3.093","-0.86%"
"04/25/2012","3.152","3.133","3.192","3.114","0.77%"
"04/24/2012","3.128","3.087","3.135","3.069","1.26%"
"04/23/2012","3.089","3.124","3.129","3.057","-0.93%"
"04/20/2012","3.118","3.126","3.158","3.114","-0.19%"
"04/19/2012","3.124","3.131","3.157","3.102","-0.03%"
"04/18/2012","3.125","3.148","3.160","3.118","-0.54%"
"04/17/2012","3.142","3.133","3.162","3.116","0.42%"
"04/16/2012","3.129","3.134","3.151","3.093","-0.19%"
"04/13/2012","3.135","3.203","3.207","3.126","-2.43%"
"04/12/2012","3.213","3.200","3.231","3.176","0.50%"
"04/11/2012","3.197","3.135","3.203","3.134","2.14%"
"04/10/2012","3.130","3.193","3.217","3.105","-2.10%"
"04/09/2012","3.197","3.250","3.250","3.175","-0.34%"
"04/06/2012","3.208","3.333","3.415","3.203","-3.58%"
"04/05/2012","3.327","3.372","3.374","3.273","-0.89%"
"04/04/2012","3.357","3.440","3.445","3.356","-2.13%"
"04/03/2012","3.430","3.337","3.444","3.290","3.25%"
"04/02/2012","3.322","3.363","3.379","3.295","-0.63%"
"03/30/2012","3.343","3.273","3.367","3.251","2.17%"
"03/29/2012","3.272","3.323","3.323","3.261","-1.09%"
"03/28/2012","3.308","3.307","3.344","3.275","0.24%"
"03/27/2012","3.300","3.347","3.356","3.285","-1.32%"
"03/26/2012","3.344","3.318","3.380","3.315","1.09%"
"03/23/2012","3.308","3.370","3.383","3.298","-1.72%"
"03/22/2012","3.366","3.391","3.402","3.340","-0.53%"
"03/21/2012","3.384","3.441","3.473","3.372","-1.91%"
"03/20/2012","3.450","3.479","3.487","3.431","-0.83%"
"03/19/2012","3.479","3.415","3.492","3.375","2.08%"
"03/16/2012","3.408","3.419","3.481","3.399","-0.06%"
"03/15/2012","3.410","3.406","3.490","3.385","0.12%"
"03/14/2012","3.406","3.273","3.425","3.264","4.22%"
"03/13/2012","3.268","3.173","3.271","3.169","2.96%"
"03/12/2012","3.174","3.190","3.190","3.136","-0.19%"
"03/09/2012","3.180","3.177","3.222","3.164","0.16%"
"03/08/2012","3.175","3.127","3.184","3.117","1.76%"
"03/07/2012","3.120","3.080","3.126","3.076","1.30%"
"03/06/2012","3.080","3.156","3.159","3.059","-2.04%"
"03/05/2012","3.144","3.116","3.157","3.087","1.22%"
"03/02/2012","3.106","3.149","3.157","3.089","-1.43%"
"03/01/2012","3.151","3.094","3.185","3.089","2.24%"
"02/29/2012","3.082","3.074","3.121","3.037","0.26%"
"02/28/2012","3.074","3.054","3.077","3.019","0.95%"
"02/27/2012","3.045","3.101","3.102","3.033","-1.74%"
"02/24/2012","3.099","3.145","3.152","3.094","-1.15%"
"02/23/2012","3.135","3.154","3.185","3.111","-0.29%"
"02/22/2012","3.144","3.213","3.227","3.136","-2.03%"
"02/21/2012","3.209","3.174","3.225","3.161","2.00%"
"02/17/2012","3.146","3.144","3.185","3.139","0.13%"
"02/16/2012","3.142","3.095","3.165","3.065","1.65%"
"02/15/2012","3.091","3.091","3.107","3.061","0.13%"
"02/14/2012","3.087","3.105","3.130","3.061","-1.12%"
"02/13/2012","3.122","3.150","3.179","3.105","-0.45%"
"02/10/2012","3.136","3.192","3.197","3.106","-1.45%"
"02/09/2012","3.182","3.144","3.234","3.131","1.05%"
"02/08/2012","3.149","3.139","3.179","3.126","0.00%"
"02/07/2012","3.149","3.107","3.176","3.078","1.81%"
"02/06/2012","3.093","3.123","3.145","3.073","-0.96%"
"02/03/2012","3.123","3.008","3.164","3.000","3.86%"
"02/02/2012","3.007","3.012","3.030","2.983","0.37%"
"02/01/2012","2.996","2.941","3.023","2.939","1.97%"
"01/31/2012","2.938","2.996","3.030","2.934","-1.97%"
"01/30/2012","2.997","3.065","3.065","2.955","-1.96%"
"01/27/2012","3.057","3.101","3.148","3.053","-1.20%"
"01/26/2012","3.094","3.141","3.157","3.084","-1.84%"
"01/25/2012","3.152","3.154","3.169","3.035","0.10%"
"01/24/2012","3.149","3.134","3.172","3.107","0.45%"
"01/23/2012","3.135","3.089","3.182","3.072","1.06%"
"01/20/2012","3.102","3.039","3.110","3.027","1.94%"
"01/19/2012","3.043","2.958","3.063","2.938","2.91%"
"01/18/2012","2.957","2.900","2.963","2.879","1.93%"
"01/17/2012","2.901","2.902","2.954","2.882","-0.48%"
"01/13/2012","2.915","2.973","2.987","2.880","-1.95%"
"01/12/2012","2.973","2.972","2.994","2.943","0.27%"
"01/11/2012","2.965","3.030","3.036","2.953","-1.76%"
"01/10/2012","3.018","3.039","3.082","3.009","-0.13%"
"01/09/2012","3.022","3.016","3.048","2.975","0.20%"
"01/06/2012","3.016","3.064","3.118","3.003","-1.57%"
"01/05/2012","3.064","3.031","3.070","2.989","1.06%"
"01/04/2012","3.032","2.994","3.063","2.960","1.51%"
"01/03/2012","2.987","2.891","3.003","2.891","3.32%"
"12/30/2011","2.891","2.916","2.927","2.864","-0.31%"
"12/29/2011","2.900","2.923","2.946","2.896","-0.65%"
"12/28/2011","2.919","3.050","3.050","2.898","-3.63%"
"12/27/2011","3.029","3.070","3.118","3.026","-0.75%"
"12/23/2011","3.052","2.984","3.078","2.984","2.28%"
"12/22/2011","2.984","3.004","3.010","2.947","-0.67%"
"12/21/2011","3.004","2.933","3.010","2.904","2.70%"
"12/20/2011","2.925","2.797","2.937","2.795","4.91%"
"12/19/2011","2.788","2.865","2.873","2.778","-2.14%"
"12/16/2011","2.849","2.920","2.945","2.838","-2.40%"
"12/15/2011","2.919","2.923","2.948","2.856","0.41%"
"12/14/2011","2.907","3.020","3.038","2.895","-3.29%"
"12/13/2011","3.006","3.064","3.101","2.979","-1.67%"
"12/12/2011","3.057","3.108","3.143","3.031","-1.67%"
"12/09/2011","3.109","3.010","3.120","2.988","3.81%"
"12/08/2011","2.995","3.101","3.133","2.988","-2.25%"
"12/07/2011","3.064","3.109","3.148","3.039","-1.10%"
"12/06/2011","3.098","3.055","3.111","3.023","2.58%"
"12/05/2011","3.020","3.059","3.103","3.010","-0.17%"
"12/02/2011","3.025","3.094","3.161","3.017","-1.98%"
"12/01/2011","3.086","3.069","3.155","3.037","1.01%"
"11/30/2011","3.055","2.954","3.097","2.944","3.35%"
"11/29/2011","2.956","2.944","3.007","2.919","0.89%"
"11/28/2011","2.930","2.998","3.047","2.907","0.27%"
"11/25/2011","2.922","2.881","2.942","2.852","2.81%"
"11/23/2011","2.842","2.886","2.908","2.816","-1.52%"
"11/22/2011","2.886","2.958","2.984","2.881","-2.14%"
"11/21/2011","2.949","2.986","2.986","2.925","-1.47%"
"11/18/2011","2.993","2.986","3.051","2.970","0.27%"
"11/17/2011","2.985","3.026","3.070","2.950","-1.45%"
"11/16/2011","3.029","3.080","3.100","3.023","-1.75%"
"11/15/2011","3.083","3.111","3.125","3.033","-0.13%"
"11/14/2011","3.087","3.179","3.201","3.076","-0.71%"
"11/10/2011","3.109","3.037","3.175","3.007","2.78%"
"11/09/2011","3.025","3.156","3.166","2.975","-3.60%"
"11/08/2011","3.138","3.093","3.153","3.052","1.88%"
"11/07/2011","3.080","3.134","3.148","3.010","-0.48%"
"11/04/2011","3.095","3.138","3.193","3.075","-0.86%"
"11/03/2011","3.122","3.009","3.128","2.964","3.76%"
"11/02/2011","3.009","2.989","3.107","2.989","0.20%"
"11/01/2011","3.003","3.148","3.176","2.946","-4.09%"
"10/31/2011","3.131","3.366","3.379","3.128","-7.34%"
"10/28/2011","3.379","3.450","3.489","3.345","-1.92%"
"10/27/2011","3.445","3.221","3.461","3.204","6.92%"
"10/26/2011","3.222","3.141","3.233","3.124","2.78%"
"10/25/2011","3.135","3.268","3.311","3.122","-4.19%"
"10/24/2011","3.272","3.241","3.289","3.208","0.31%"
"10/21/2011","3.262","3.225","3.278","3.189","1.46%"
"10/20/2011","3.215","3.195","3.232","3.129","1.26%"
"10/19/2011","3.175","3.171","3.230","3.145","0.16%"
"10/18/2011","3.170","3.136","3.216","3.054","1.34%"
"10/17/2011","3.128","3.232","3.293","3.127","-3.40%"
"10/14/2011","3.238","3.142","3.249","3.127","2.73%"
"10/13/2011","3.152","3.202","3.203","3.096","-1.41%"
"10/12/2011","3.197","3.106","3.252","3.085","2.83%"
"10/11/2011","3.109","3.087","3.127","3.042","3.05%"
"10/07/2011","3.017","2.937","3.082","2.929","2.03%"
"10/06/2011","2.957","2.856","2.965","2.841","3.57%"
"10/05/2011","2.855","2.812","2.894","2.799","2.00%"
"10/04/2011","2.799","2.740","2.826","2.694","2.79%"
"10/03/2011","2.723","2.921","2.943","2.720","-6.55%"
"09/30/2011","2.914","3.052","3.055","2.896","-4.77%"
"09/29/2011","3.060","3.066","3.090","2.995","-0.49%"
"09/28/2011","3.075","3.077","3.147","3.024","-0.06%"
"09/27/2011","3.077","2.990","3.120","2.977","2.81%"
"09/26/2011","2.993","2.911","3.006","2.840","3.28%"
"09/23/2011","2.898","2.794","2.902","2.739","3.57%"
"09/22/2011","2.798","2.994","2.995","2.765","-6.67%"
"09/21/2011","2.998","3.214","3.252","2.992","-6.31%"
"09/20/2011","3.200","3.221","3.268","3.189","-0.78%"
"09/19/2011","3.225","3.318","3.318","3.176","-2.80%"
"09/16/2011","3.318","3.352","3.381","3.312","-1.28%"
"09/15/2011","3.361","3.283","3.375","3.266","2.56%"
"09/14/2011","3.277","3.333","3.378","3.266","-1.50%"
"09/13/2011","3.327","3.250","3.335","3.225","2.31%"
"09/12/2011","3.252","3.242","3.282","3.206","0.22%"
"09/09/2011","3.245","3.332","3.364","3.225","-1.82%"
"09/08/2011","3.305","3.367","3.370","3.285","-1.61%"
"09/07/2011","3.359","3.285","3.375","3.284","2.69%"
"09/06/2011","3.271","3.250","3.305","3.187","-0.94%"
"09/02/2011","3.302","3.504","3.529","3.288","-5.63%"
"09/01/2011","3.499","3.605","3.654","3.494","-3.10%"
"08/31/2011","3.611","3.519","3.621","3.490","2.47%"
"08/30/2011","3.524","3.576","3.590","3.503","-2.14%"
"08/29/2011","3.601","3.547","3.649","3.537","1.75%"
"08/26/2011","3.539","3.603","3.630","3.495","-1.86%"
"08/25/2011","3.606","3.641","3.669","3.567","-1.26%"
"08/24/2011","3.652","3.503","3.663","3.442","4.64%"
"08/23/2011","3.490","3.422","3.496","3.391","1.90%"
"08/22/2011","3.425","3.370","3.440","3.355","0.82%"
"08/19/2011","3.397","3.407","3.475","3.343","-0.79%"
"08/18/2011","3.424","3.570","3.579","3.341","-3.96%"
"08/17/2011","3.565","3.676","3.700","3.559","-2.91%"
"08/16/2011","3.672","3.784","3.789","3.641","-2.68%"
"08/15/2011","3.773","3.718","3.776","3.703","1.23%"
"08/12/2011","3.727","3.792","3.800","3.697","-1.06%"
"08/11/2011","3.767","3.527","3.816","3.514","7.48%"
"08/10/2011","3.505","3.648","3.702","3.469","-3.89%"
"08/09/2011","3.647","3.626","3.753","3.456","-0.36%"
"08/08/2011","3.660","3.882","3.909","3.653","-4.86%"
"08/05/2011","3.847","3.673","3.859","3.623","4.74%"
"08/04/2011","3.673","3.911","3.932","3.664","-5.72%"
"08/03/2011","3.896","3.909","3.938","3.791","-0.38%"
"08/02/2011","3.911","4.095","4.097","3.899","-4.35%"
"08/01/2011","4.089","4.140","4.204","4.061","-0.85%"
"07/29/2011","4.124","4.265","4.267","4.104","-3.22%"
"07/28/2011","4.261","4.269","4.291","4.239","-0.65%"
"07/27/2011","4.289","4.290","4.322","4.267","0.16%"
"07/26/2011","4.282","4.315","4.345","4.269","-0.83%"
"07/25/2011","4.318","4.302","4.345","4.261","1.39%"
"07/22/2011","4.259","4.306","4.311","4.254","-1.23%"
"07/21/2011","4.312","4.284","4.332","4.253","1.46%"
"07/20/2011","4.250","4.205","4.268","4.200","1.48%"
"07/19/2011","4.188","4.306","4.341","4.176","-2.74%"
"07/18/2011","4.306","4.253","4.314","4.222","1.37%"
"07/15/2011","4.248","4.255","4.315","4.243","-0.16%"
"07/14/2011","4.255","4.210","4.258","4.178","1.94%"
"07/13/2011","4.174","4.172","4.245","4.161","0.10%"
"07/12/2011","4.170","4.219","4.223","4.128","-0.95%"
"07/11/2011","4.210","4.291","4.305","4.199","-1.80%"
"07/08/2011","4.287","4.371","4.403","4.273","-1.83%"
"07/07/2011","4.367","4.377","4.407","4.361","0.05%"
"07/06/2011","4.365","4.382","4.400","4.346","-0.11%"
"07/05/2011","4.370","4.410","4.412","4.365","-0.55%"
"07/01/2011","4.394","4.374","4.416","4.354","0.39%"
"06/30/2011","4.377","4.373","4.451","4.344","-0.16%"
"06/29/2011","4.384","4.333","4.390","4.309","1.34%"
"06/28/2011","4.326","4.292","4.345","4.252","0.77%"
"06/27/2011","4.293","4.185","4.299","4.172","2.48%"
"06/24/2011","4.189","4.183","4.200","4.152","0.53%"
"06/23/2011","4.167","4.208","4.213","4.150","-1.19%"
"06/22/2011","4.217","4.220","4.231","4.188","-0.05%"
"06/21/2011","4.219","4.210","4.240","4.190","0.48%"
"06/20/2011","4.199","4.209","4.221","4.155","-0.14%"
"06/17/2011","4.205","4.189","4.218","4.155","0.86%"
"06/16/2011","4.169","4.204","4.222","4.140","-0.79%"
"06/15/2011","4.202","4.292","4.301","4.191","-2.30%"
"06/14/2011","4.301","4.207","4.311","4.200","2.40%"
"06/13/2011","4.200","4.186","4.223","4.167","0.38%"
"06/10/2011","4.184","4.212","4.216","4.160","-0.74%"
"06/09/2011","4.215","4.201","4.251","4.156","0.64%"
"06/08/2011","4.188","4.266","4.273","4.186","-1.53%"
"06/07/2011","4.253","4.265","4.303","4.242","-0.12%"
"06/06/2011","4.258","4.234","4.295","4.231","0.76%"
"06/03/2011","4.226","4.238","4.272","4.201","-0.49%"
"06/02/2011","4.247","4.151","4.256","4.149","2.58%"
"06/01/2011","4.140","4.231","4.243","4.131","-1.92%"
"05/31/2011","4.221","4.236","4.269","4.212","-0.50%"
"05/27/2011","4.242","4.225","4.269","4.221","0.45%"
"05/26/2011","4.223","4.294","4.316","4.218","-1.31%"
"05/25/2011","4.279","4.258","4.287","4.230","0.71%"
"05/24/2011","4.249","4.260","4.291","4.243","-0.42%"
"05/23/2011","4.267","4.290","4.291","4.243","-0.77%"
"05/20/2011","4.300","4.304","4.340","4.279","0.00%"
"05/19/2011","4.300","4.299","4.356","4.292","0.07%"
"05/18/2011","4.297","4.236","4.302","4.202","1.73%"
"05/17/2011","4.224","4.271","4.293","4.214","-1.12%"
"05/16/2011","4.272","4.308","4.332","4.266","-0.79%"
"05/13/2011","4.306","4.379","4.379","4.281","-1.03%"
"05/12/2011","4.351","4.303","4.374","4.285","1.14%"
"05/11/2011","4.302","4.352","4.363","4.294","-1.13%"
"05/10/2011","4.351","4.315","4.352","4.302","0.93%"
"05/09/2011","4.311","4.304","4.327","4.286","0.51%"
"05/06/2011","4.289","4.267","4.353","4.264","0.73%"
"05/05/2011","4.258","4.326","4.329","4.256","-1.53%"
"05/04/2011","4.324","4.355","4.359","4.317","-0.60%"
"05/03/2011","4.350","4.387","4.390","4.348","-0.73%"
"05/02/2011","4.382","4.405","4.425","4.380","-0.36%"
"04/29/2011","4.398","4.417","4.432","4.389","-0.43%"
"04/28/2011","4.417","4.457","4.480","4.410","-0.83%"
"04/27/2011","4.454","4.396","4.465","4.396","1.46%"
"04/26/2011","4.390","4.462","4.475","4.387","-1.48%"
"04/25/2011","4.456","4.475","4.479","4.443","-0.22%"
"04/21/2011","4.466","4.469","4.477","4.426","-0.02%"
"04/20/2011","4.467","4.440","4.469","4.425","0.81%"
"04/19/2011","4.431","4.466","4.491","4.425","-0.61%"
"04/18/2011","4.458","4.467","4.549","4.431","-0.29%"
"04/15/2011","4.471","4.548","4.549","4.460","-1.67%"
"04/14/2011","4.547","4.557","4.563","4.518","0.02%"
"04/13/2011","4.546","4.587","4.623","4.542","-0.63%"
"04/12/2011","4.575","4.652","4.655","4.556","-1.74%"
"04/11/2011","4.656","4.670","4.678","4.624","0.26%"
"04/08/2011","4.644","4.629","4.672","4.620","0.63%"
"04/07/2011","4.615","4.602","4.634","4.585","0.35%"
"04/06/2011","4.599","4.508","4.601","4.501","2.02%"
"04/05/2011","4.508","4.501","4.524","4.455","0.60%"
"04/04/2011","4.481","4.492","4.522","4.462","-0.16%"
"04/01/2011","4.488","4.509","4.551","4.483","-0.49%"
"03/31/2011","4.510","4.510","4.551","4.467","-0.02%"
"03/30/2011","4.511","4.545","4.555","4.501","-0.59%"
"03/29/2011","4.538","4.494","4.550","4.477","0.89%"
"03/28/2011","4.498","4.527","4.536","4.475","-0.02%"
"03/25/2011","4.499","4.486","4.516","4.448","0.36%"
"03/24/2011","4.483","4.443","4.488","4.431","0.92%"
"03/23/2011","4.442","4.439","4.457","4.387","0.11%"
"03/22/2011","4.437","4.462","4.475","4.429","-0.29%"
"03/21/2011","4.450","4.439","4.510","4.428","0.72%"
"03/18/2011","4.418","4.451","4.497","4.416","-0.43%"
"03/17/2011","4.437","4.354","4.463","4.352","1.42%"
"03/16/2011","4.375","4.460","4.503","4.318","-1.73%"
"03/15/2011","4.452","4.535","4.541","4.414","-1.98%"
"03/14/2011","4.542","4.556","4.586","4.517","-0.13%"
"03/11/2011","4.548","4.516","4.557","4.476","1.07%"
"03/10/2011","4.500","4.615","4.620","4.500","-2.36%"
"03/09/2011","4.609","4.673","4.678","4.588","-1.07%"
"03/08/2011","4.659","4.633","4.668","4.609","0.76%"
"03/07/2011","4.624","4.620","4.656","4.583","0.54%"
"03/04/2011","4.599","4.627","4.666","4.582","-0.45%"
"03/03/2011","4.620","4.568","4.643","4.558","1.07%"
"03/02/2011","4.571","4.491","4.574","4.463","1.92%"
"03/01/2011","4.485","4.513","4.549","4.473","-0.13%"
"02/28/2011","4.491","4.507","4.516","4.483","-0.16%"
"02/25/2011","4.498","4.544","4.572","4.497","-1.03%"
"02/24/2011","4.545","4.589","4.593","4.516","-0.81%"
"02/23/2011","4.582","4.618","4.625","4.550","-0.50%"
"02/22/2011","4.605","4.668","4.674","4.588","-1.83%"
"02/18/2011","4.691","4.677","4.721","4.662","0.43%"
"02/17/2011","4.671","4.688","4.688","4.638","-0.21%"
"02/16/2011","4.681","4.673","4.697","4.626","0.45%"
"02/15/2011","4.660","4.677","4.700","4.653","-0.28%"
"02/14/2011","4.673","4.711","4.717","4.652","-0.38%"
"02/11/2011","4.691","4.759","4.774","4.681","-1.59%"
"02/10/2011","4.767","4.721","4.787","4.699","1.15%"
"02/09/2011","4.713","4.776","4.791","4.681","-1.13%"
"02/08/2011","4.767","4.713","4.774","4.687","1.32%"
"02/07/2011","4.705","4.740","4.768","4.694","-0.57%"
"02/04/2011","4.732","4.670","4.743","4.650","1.39%"
"02/03/2011","4.667","4.630","4.675","4.605","1.00%"
"02/02/2011","4.621","4.625","4.659","4.585","0.26%"
"02/01/2011","4.609","4.576","4.643","4.575","0.79%"
"01/31/2011","4.573","4.526","4.599","4.526","0.82%"
"01/28/2011","4.536","4.578","4.645","4.514","-0.70%"
"01/27/2011","4.568","4.587","4.633","4.556","-0.50%"
"01/26/2011","4.591","4.506","4.609","4.497","2.16%"
"01/25/2011","4.494","4.567","4.574","4.466","-1.45%"
"01/24/2011","4.560","4.574","4.594","4.532","-0.15%"
"01/21/2011","4.567","4.606","4.631","4.559","-0.95%"
"01/20/2011","4.611","4.532","4.639","4.496","1.90%"
"01/19/2011","4.525","4.566","4.578","4.520","-0.90%"
"01/18/2011","4.566","4.509","4.611","4.479","0.71%"
"01/14/2011","4.534","4.498","4.537","4.459","0.71%"
"01/13/2011","4.502","4.502","4.502","4.502","-0.66%"
"01/12/2011","4.532","4.532","4.532","4.532","1.00%"
"01/11/2011","4.487","4.487","4.487","4.487","0.56%"
"01/10/2011","4.462","4.462","4.462","4.462","-0.54%"
"01/07/2011","4.486","4.486","4.486","4.486","-0.64%"
"01/06/2011","4.515","4.515","4.515","4.515","-0.57%"
"01/05/2011","4.541","4.541","4.541","4.541","2.69%"
"01/04/2011","4.422","4.422","4.422","4.422","0.48%"
"01/03/2011","4.401","4.401","4.401","4.401","1.50%"
"12/31/2010","4.336","4.336","4.336","4.336","-2.03%"
"12/30/2010","4.426","4.426","4.426","4.426","-0.23%"
"12/29/2010","4.436","4.436","4.436","4.436","-2.16%"
"12/28/2010","4.534","4.534","4.534","4.534","3.09%"
"12/27/2010","4.398","4.398","4.398","4.398","-1.68%"
"12/23/2010","4.473","4.473","4.473","4.473","0.65%"
"12/22/2010","4.444","4.444","4.444","4.444","0.61%"
"12/21/2010","4.417","4.417","4.417","4.417","-0.61%"
"12/20/2010","4.444","4.444","4.444","4.444","0.09%"
"12/17/2010","4.440","4.440","4.440","4.440","-2.27%"
"12/16/2010","4.543","4.543","4.543","4.543","-1.30%"
"12/15/2010","4.603","4.603","4.603","4.603","1.79%"
"12/14/2010","4.522","4.522","4.522","4.522","2.45%"
"12/13/2010","4.414","4.414","4.414","4.414","-0.41%"
"12/10/2010","4.432","4.432","4.432","4.432","0.64%"
"12/09/2010","4.404","4.404","4.404","4.404","-1.21%"
"12/08/2010","4.458","4.458","4.458","4.458","1.92%"
"12/07/2010","4.374","4.374","4.374","4.374","3.18%"
"12/06/2010","4.239","4.239","4.239","4.239","-1.81%"
"12/03/2010","4.317","4.317","4.317","4.317","1.29%"
"12/02/2010","4.262","4.262","4.262","4.262","0.47%"
"12/01/2010","4.242","4.242","4.242","4.242","3.16%"
"11/30/2010","4.112","4.112","4.112","4.112","-0.75%"
"11/29/2010","4.143","4.143","4.143","4.143","-1.66%"
"11/26/2010","4.213","4.213","4.213","4.213","-1.57%"
"11/24/2010","4.280","4.280","4.280","4.280","1.98%"
"11/23/2010","4.197","4.197","4.197","4.197","-0.26%"
"11/22/2010","4.208","4.208","4.208","4.208","-0.94%"
"11/19/2010","4.248","4.248","4.248","4.248","-0.84%"
"11/18/2010","4.284","4.284","4.284","4.284","-0.12%"
"11/17/2010","4.289","4.289","4.289","4.289","0.40%"
"11/16/2010","4.272","4.272","4.272","4.272","-3.24%"
"11/15/2010","4.415","4.415","4.415","4.415","2.89%"
"11/12/2010","4.291","4.291","4.291","4.291","1.20%"
"11/10/2010","4.240","4.240","4.240","4.240","-0.28%"
"11/09/2010","4.252","4.252","4.252","4.252","3.05%"
"11/08/2010","4.126","4.126","4.126","4.126","0.07%"
"11/05/2010","4.123","4.123","4.123","4.123","1.48%"
"11/04/2010","4.063","4.063","4.063","4.063","0.30%"
"11/03/2010","4.051","4.051","4.051","4.051","3.00%"
"11/02/2010","3.933","3.933","3.933","3.933","-1.85%"
"11/01/2010","4.007","4.007","4.007","4.007","0.58%"
"10/29/2010","3.984","3.984","3.984","3.984","-1.78%"
"10/28/2010","4.056","4.056","4.056","4.056","-0.10%"
"10/27/2010","4.060","4.060","4.060","4.060","1.45%"
"10/26/2010","4.002","4.002","4.002","4.002","2.20%"
"10/25/2010","3.916","3.916","3.916","3.916","-0.46%"
"10/22/2010","3.934","3.934","3.934","3.934","-0.58%"
"10/21/2010","3.957","3.957","3.957","3.957","1.64%"
"10/20/2010","3.893","3.893","3.893","3.893","-0.56%"
"10/19/2010","3.915","3.915","3.915","3.915","-1.01%"
"10/18/2010","3.955","3.955","3.955","3.955","-0.78%"
"10/15/2010","3.986","3.986","3.986","3.986","1.87%"
"10/14/2010","3.913","3.913","3.913","3.913","2.49%"
"10/13/2010","3.818","3.818","3.818","3.818","-0.03%"
"10/12/2010","3.819","3.819","3.819","3.819","1.92%"
"10/08/2010","3.747","3.747","3.747","3.747","0.86%"
"10/07/2010","3.715","3.715","3.715","3.715","1.23%"
"10/06/2010","3.670","3.670","3.670","3.670","-1.98%"
"10/05/2010","3.744","3.744","3.744","3.744","0.94%"
"10/04/2010","3.709","3.709","3.709","3.709","-0.22%"
"10/01/2010","3.717","3.717","3.717","3.717","0.81%"
"09/30/2010","3.687","3.687","3.687","3.687","0.08%"
"09/29/2010","3.684","3.684","3.684","3.684","0.63%"
"09/28/2010","3.661","3.661","3.661","3.661","-1.67%"
"09/27/2010","3.723","3.723","3.723","3.723","-1.85%"
"09/24/2010","3.793","3.793","3.793","3.793","1.66%"
"09/23/2010","3.731","3.731","3.731","3.731","-0.24%"
"09/22/2010","3.740","3.740","3.740","3.740","-1.19%"
"09/21/2010","3.785","3.785","3.785","3.785","-2.25%"
"09/20/2010","3.872","3.872","3.872","3.872","-0.82%"
"09/17/2010","3.904","3.904","3.904","3.904","-0.61%"
"09/16/2010","3.928","3.928","3.928","3.928","1.32%"
"09/15/2010","3.877","3.877","3.877","3.877","2.08%"
"09/14/2010","3.798","3.798","3.798","3.798","-1.30%"
"09/13/2010","3.848","3.848","3.848","3.848","-0.54%"
"09/10/2010","3.869","3.869","3.869","3.869","0.81%"
"09/09/2010","3.838","3.838","3.838","3.838","2.98%"
"09/08/2010","3.727","3.727","3.727","3.727","1.77%"
"09/07/2010","3.662","3.662","3.662","3.662","-3.48%"
"09/03/2010","3.794","3.794","3.794","3.794","2.21%"
"09/02/2010","3.712","3.712","3.712","3.712","1.70%"
"09/01/2010","3.650","3.650","3.650","3.650","3.69%"
"08/31/2010","3.520","3.520","3.520","3.520","-1.70%"
"08/30/2010","3.581","3.581","3.581","3.581","-2.95%"
"08/27/2010","3.690","3.690","3.690","3.690","4.95%"
"08/26/2010","3.516","3.516","3.516","3.516","-1.57%"
"08/25/2010","3.572","3.572","3.572","3.572","0.25%"
"08/24/2010","3.563","3.563","3.563","3.563","-2.78%"
"08/23/2010","3.665","3.665","3.665","3.665","0.05%"
"08/20/2010","3.663","3.663","3.663","3.663","0.27%"
"08/19/2010","3.653","3.653","3.653","3.653","-2.25%"
"08/18/2010","3.737","3.737","3.737","3.737","-0.88%"
"08/17/2010","3.770","3.770","3.770","3.770","1.43%"
"08/16/2010","3.717","3.717","3.717","3.717","-3.78%"
"08/13/2010","3.863","3.863","3.863","3.863","-2.05%"
"08/12/2010","3.944","3.944","3.944","3.944","0.43%"
"08/11/2010","3.927","3.927","3.927","3.927","-2.02%"
"08/10/2010","4.008","4.008","4.008","4.008","-0.27%"
"08/09/2010","4.019","4.019","4.019","4.019","0.55%"
"08/06/2010","3.997","3.997","3.997","3.997","-1.26%"
"08/05/2010","4.048","4.048","4.048","4.048","-0.95%"
"08/04/2010","4.087","4.087","4.087","4.087","1.09%"
"08/03/2010","4.043","4.043","4.043","4.043","-0.59%"
"08/02/2010","4.067","4.067","4.067","4.067","1.98%"
"07/30/2010","3.988","3.988","3.988","3.988","-2.21%"
"07/29/2010","4.078","4.078","4.078","4.078","0.12%"
"07/28/2010","4.073","4.073","4.073","4.073","-0.17%"
"07/27/2010","4.080","4.080","4.080","4.080","1.49%"
"07/26/2010","4.020","4.020","4.020","4.020","0.00%"
"07/23/2010","4.020","4.020","4.020","4.020","1.77%"
"07/22/2010","3.950","3.950","3.950","3.950","1.46%"
"07/21/2010","3.893","3.893","3.893","3.893","-2.26%"
"07/20/2010","3.983","3.983","3.983","3.983","0.00%"
"07/19/2010","3.983","3.983","3.983","3.983","1.09%"
"07/16/2010","3.940","3.940","3.940","3.940","-1.18%"
"07/15/2010","3.987","3.987","3.987","3.987","-1.21%"
"07/14/2010","4.036","4.036","4.036","4.036","-1.70%"
"07/13/2010","4.106","4.106","4.106","4.106","1.16%"
"07/12/2010","4.059","4.059","4.059","4.059","0.47%"
"07/09/2010","4.040","4.040","4.040","4.040","0.62%"
"07/08/2010","4.015","4.015","4.015","4.015","1.41%"
"07/07/2010","3.959","3.959","3.959","3.959","1.70%"
"07/06/2010","3.893","3.893","3.893","3.893","-1.37%"
"07/02/2010","3.947","3.947","3.947","3.947","1.23%"
"07/01/2010","3.899","3.899","3.899","3.899","0.13%"
"06/30/2010","3.894","3.894","3.894","3.894","-1.02%"
"06/29/2010","3.934","3.934","3.934","3.934","-1.77%"
"06/28/2010","4.005","4.005","4.005","4.005","-1.45%"
"06/25/2010","4.064","4.064","4.064","4.064","-0.88%"
"06/24/2010","4.100","4.100","4.100","4.100","0.86%"
"06/23/2010","4.065","4.065","4.065","4.065","-0.85%"
"06/22/2010","4.100","4.100","4.100","4.100","-1.56%"
"06/21/2010","4.165","4.165","4.165","4.165","0.41%"
"06/18/2010","4.148","4.148","4.148","4.148","0.61%"
"06/17/2010","4.123","4.123","4.123","4.123","-1.46%"
"06/16/2010","4.184","4.184","4.184","4.184","-0.85%"
"06/15/2010","4.220","4.220","4.220","4.220","0.81%"
"06/14/2010","4.186","4.186","4.186","4.186","0.84%"
"06/11/2010","4.151","4.151","4.151","4.151","-2.05%"
"06/10/2010","4.238","4.238","4.238","4.238","3.11%"
"06/09/2010","4.110","4.110","4.110","4.110","-0.12%"
"06/08/2010","4.115","4.115","4.115","4.115","0.81%"
"06/07/2010","4.082","4.082","4.082","4.082","-1.23%"
"06/04/2010","4.133","4.133","4.133","4.133","-3.28%"
"06/03/2010","4.273","4.273","4.273","4.273","0.64%"
"06/02/2010","4.246","4.246","4.246","4.246","1.53%"
"06/01/2010","4.182","4.182","4.182","4.182","-0.81%"
"05/28/2010","4.216","4.216","4.216","4.216","-0.87%"
"05/27/2010","4.253","4.253","4.253","4.253","3.86%"
"05/26/2010","4.095","4.095","4.095","4.095","0.94%"
"05/25/2010","4.057","4.057","4.057","4.057","-0.81%"
"05/24/2010","4.090","4.090","4.090","4.090","-0.27%"
"05/21/2010","4.101","4.101","4.101","4.101","0.20%"
"05/20/2010","4.093","4.093","4.093","4.093","-3.58%"
"05/19/2010","4.245","4.245","4.245","4.245","0.21%"
"05/18/2010","4.236","4.236","4.236","4.236","-2.93%"
"05/17/2010","4.364","4.364","4.364","4.364","0.53%"
"05/14/2010","4.341","4.341","4.341","4.341","-2.05%"
"05/13/2010","4.432","4.432","4.432","4.432","-1.03%"
"05/12/2010","4.478","4.478","4.478","4.478","1.22%"
"05/11/2010","4.424","4.424","4.424","4.424","0.27%"
"05/10/2010","4.412","4.412","4.412","4.412","3.33%"
"05/07/2010","4.270","4.270","4.270","4.270","1.52%"
"05/06/2010","4.206","4.206","4.206","4.206","-4.23%"
"05/05/2010","4.392","4.392","4.392","4.392","-0.59%"
"05/04/2010","4.418","4.418","4.418","4.418","-2.49%"
"05/03/2010","4.531","4.531","4.531","4.531","0.22%"
"04/30/2010","4.521","4.521","4.521","4.521","-1.57%"
"04/29/2010","4.593","4.593","4.593","4.593","-0.84%"
"04/28/2010","4.632","4.632","4.632","4.632","1.16%"
"04/27/2010","4.579","4.579","4.579","4.579","-1.89%"
"04/26/2010","4.667","4.667","4.667","4.667","0.04%"
"04/23/2010","4.665","4.665","4.665","4.665","0.60%"
"04/22/2010","4.637","4.637","4.637","4.637","0.35%"
"04/21/2010","4.621","4.621","4.621","4.621","-1.11%"
"04/20/2010","4.673","4.673","4.673","4.673","-0.47%"
"04/19/2010","4.695","4.695","4.695","4.695","0.47%"
"04/16/2010","4.673","4.673","4.673","4.673","-0.93%"
"04/15/2010","4.717","4.717","4.717","4.717","-0.34%"
"04/14/2010","4.733","4.733","4.733","4.733","1.13%"
"04/13/2010","4.680","4.680","4.680","4.680","-0.30%"
"04/12/2010","4.694","4.694","4.694","4.694","-0.95%"
"04/09/2010","4.739","4.739","4.739","4.739","-0.29%"
"04/08/2010","4.753","4.753","4.753","4.753","0.15%"
"04/07/2010","4.746","4.746","4.746","4.746","-1.76%"
"04/06/2010","4.831","4.831","4.831","4.831","-0.06%"
"04/05/2010","4.834","4.834","4.834","4.834","0.69%"
"04/02/2010","4.801","4.801","4.801","4.801","1.52%"
"04/01/2010","4.729","4.729","4.729","4.729","0.32%"
"03/31/2010","4.714","4.714","4.714","4.714","-0.72%"
"03/30/2010","4.748","4.748","4.748","4.748","-0.50%"
"03/29/2010","4.772","4.772","4.772","4.772","0.53%"
"03/26/2010","4.747","4.747","4.747","4.747","-0.31%"
"03/25/2010","4.762","4.762","4.762","4.762","0.74%"
"03/24/2010","4.727","4.727","4.727","4.727","2.63%"
"03/23/2010","4.606","4.606","4.606","4.606","0.77%"
"03/22/2010","4.571","4.571","4.571","4.571","-0.20%"
"03/19/2010","4.580","4.580","4.580","4.580","-0.15%"
"03/18/2010","4.587","4.587","4.587","4.587","0.37%"
"03/17/2010","4.570","4.570","4.570","4.570","-0.44%"
"03/16/2010","4.590","4.590","4.590","4.590","-0.84%"
"03/15/2010","4.629","4.629","4.629","4.629","0.04%"
"03/12/2010","4.627","4.627","4.627","4.627","-0.86%"
"03/11/2010","4.667","4.667","4.667","4.667","-0.49%"
"03/10/2010","4.690","4.690","4.690","4.690","0.34%"
"03/09/2010","4.674","4.674","4.674","4.674","-0.26%"
"03/08/2010","4.686","4.686","4.686","4.686","0.86%"
"03/05/2010","4.646","4.646","4.646","4.646","1.95%"
"03/04/2010","4.557","4.557","4.557","4.557","-0.57%"
"03/03/2010","4.583","4.583","4.583","4.583","0.33%"
"03/02/2010","4.568","4.568","4.568","4.568","0.24%"
"03/01/2010","4.557","4.557","4.557","4.557","-0.07%"
"02/26/2010","4.560","4.560","4.560","4.560","-0.46%"
"02/25/2010","4.581","4.581","4.581","4.581","-1.19%"
"02/24/2010","4.636","4.636","4.636","4.636","0.04%"
"02/23/2010","4.634","4.634","4.634","4.634","-2.01%"
"02/22/2010","4.729","4.729","4.729","4.729","0.51%"
"02/19/2010","4.705","4.705","4.705","4.705","-0.61%"
"02/18/2010","4.734","4.734","4.734","4.734","0.74%"
"02/17/2010","4.699","4.699","4.699","4.699","1.38%"
"02/16/2010","4.635","4.635","4.635","4.635","-0.45%"
"02/12/2010","4.656","4.656","4.656","4.656","-0.39%"
"02/11/2010","4.674","4.674","4.674","4.674","0.82%"
"02/10/2010","4.636","4.636","4.636","4.636","1.31%"
"02/09/2010","4.576","4.576","4.576","4.576","1.78%"
"02/08/2010","4.496","4.496","4.496","4.496","-0.60%"
"02/05/2010","4.523","4.523","4.523","4.523","-0.57%"
"02/04/2010","4.549","4.549","4.549","4.549","-1.92%"
"02/03/2010","4.638","4.638","4.638","4.638","1.87%"
"02/02/2010","4.553","4.553","4.553","4.553","-0.33%"
"02/01/2010","4.568","4.568","4.568","4.568","1.67%"
"01/29/2010","4.493","4.493","4.493","4.493","-1.30%"
"01/28/2010","4.552","4.552","4.552","4.552","-0.26%"
"01/27/2010","4.564","4.564","4.564","4.564","0.09%"
"01/26/2010","4.560","4.560","4.560","4.560","0.20%"
"01/25/2010","4.551","4.551","4.551","4.551","0.60%"
"01/22/2010","4.524","4.524","4.524","4.524","0.56%"
"01/21/2010","4.499","4.499","4.499","4.499","-0.90%"
"01/20/2010","4.540","4.540","4.540","4.540","-1.11%"
"01/19/2010","4.591","4.591","4.591","4.591","0.22%"
"01/15/2010","4.581","4.581","4.581","4.581","-1.12%"
"01/14/2010","4.633","4.633","4.633","4.633","-1.76%"
"01/13/2010","4.716","4.716","4.716","4.716","2.01%"
"01/12/2010","4.623","4.623","4.623","4.623","-2.22%"
"01/11/2010","4.728","4.728","4.728","4.728","0.23%"
"01/08/2010","4.717","4.717","4.717","4.717","0.66%"
"01/07/2010","4.686","4.686","4.686","4.686","-0.21%"
"01/06/2010","4.696","4.696","4.696","4.696","1.80%"
"01/05/2010","4.613","4.613","4.613","4.613","-0.71%"
"01/04/2010","4.646","4.646","4.646","4.646","0.24%"
"12/31/2009","4.635","4.635","4.635","4.635","0.52%"
"12/30/2009","4.611","4.611","4.611","4.611","-0.62%"
"12/29/2009","4.640","4.640","4.640","4.640","-1.15%"
"12/28/2009","4.694","4.694","4.694","4.694","0.32%"
"12/24/2009","4.679","4.679","4.679","4.679","1.52%"
"12/23/2009","4.609","4.609","4.609","4.609","-0.13%"
"12/22/2009","4.615","4.615","4.615","4.615","1.10%"
"12/21/2009","4.565","4.565","4.565","4.565","2.35%"
"12/18/2009","4.460","4.460","4.460","4.460","0.93%"
"12/17/2009","4.419","4.419","4.419","4.419","-2.39%"
"12/16/2009","4.527","4.527","4.527","4.527","0.04%"
"12/15/2009","4.525","4.525","4.525","4.525","0.91%"
"12/14/2009","4.484","4.484","4.484","4.484","-0.33%"
"12/11/2009","4.499","4.499","4.499","4.499","-0.20%"
"12/10/2009","4.508","4.508","4.508","4.508","2.08%"
"12/09/2009","4.416","4.416","4.416","4.416","0.82%"
"12/08/2009","4.380","4.380","4.380","4.380","-0.14%"
"12/07/2009","4.386","4.386","4.386","4.386","-0.36%"
"12/04/2009","4.402","4.402","4.402","4.402","1.57%"
"12/03/2009","4.334","4.334","4.334","4.334","1.88%"
"12/02/2009","4.254","4.254","4.254","4.254","-0.40%"
"12/01/2009","4.271","4.271","4.271","4.271","1.74%"
"11/30/2009","4.198","4.198","4.198","4.198","-0.33%"
"11/27/2009","4.212","4.212","4.212","4.212","-0.52%"
"11/25/2009","4.234","4.234","4.234","4.234","-0.31%"
"11/24/2009","4.247","4.247","4.247","4.247","-0.72%"
"11/23/2009","4.278","4.278","4.278","4.278","-0.44%"
"11/20/2009","4.297","4.297","4.297","4.297","0.35%"
"11/19/2009","4.282","4.282","4.282","4.282","-0.46%"
"11/18/2009","4.302","4.302","4.302","4.302","1.10%"
"11/17/2009","4.255","4.255","4.255","4.255","-0.70%"
"11/16/2009","4.285","4.285","4.285","4.285","-1.70%"
"11/13/2009","4.359","4.359","4.359","4.359","-0.75%"
"11/12/2009","4.392","4.392","4.392","4.392","-0.50%"
"11/10/2009","4.414","4.414","4.414","4.414","0.43%"
"11/09/2009","4.395","4.395","4.395","4.395","-0.05%"
"11/06/2009","4.397","4.397","4.397","4.397","-0.07%"
"11/05/2009","4.400","4.400","4.400","4.400","0.11%"
"11/04/2009","4.395","4.395","4.395","4.395","1.45%"
"11/03/2009","4.332","4.332","4.332","4.332","1.38%"
"11/02/2009","4.273","4.273","4.273","4.273","1.04%"
"10/30/2009","4.229","4.229","4.229","4.229","-2.45%"
"10/29/2009","4.335","4.335","4.335","4.335","1.76%"
"10/28/2009","4.260","4.260","4.260","4.260","-0.51%"
"10/27/2009","4.282","4.282","4.282","4.282","-2.04%"
"10/26/2009","4.371","4.371","4.371","4.371","1.84%"
"10/23/2009","4.292","4.292","4.292","4.292","1.15%"
"10/22/2009","4.243","4.243","4.243","4.243","0.66%"
"10/21/2009","4.215","4.215","4.215","4.215","1.18%"
"10/20/2009","4.166","4.166","4.166","4.166","-0.83%"
"10/19/2009","4.201","4.201","4.201","4.201","-0.97%"
"10/16/2009","4.242","4.242","4.242","4.242","-1.58%"
"10/15/2009","4.310","4.310","4.310","4.310","0.84%"
"10/14/2009","4.274","4.274","4.274","4.274","2.00%"
"10/13/2009","4.190","4.190","4.190","4.190","-1.09%"
"10/09/2009","4.236","4.236","4.236","4.236","3.67%"
"10/08/2009","4.086","4.086","4.086","4.086","2.07%"
"10/07/2009","4.003","4.003","4.003","4.003","-1.62%"
"10/06/2009","4.069","4.069","4.069","4.069","1.40%"
"10/05/2009","4.013","4.013","4.013","4.013","0.35%"
"10/02/2009","3.999","3.999","3.999","3.999","1.11%"
"10/01/2009","3.955","3.955","3.955","3.955","-2.30%"
"09/30/2009","4.048","4.048","4.048","4.048","0.75%"
"09/29/2009","4.018","4.018","4.018","4.018","-0.27%"
"09/28/2009","4.029","4.029","4.029","4.029","-1.56%"
"09/25/2009","4.093","4.093","4.093","4.093","-1.89%"
"09/24/2009","4.172","4.172","4.172","4.172","-0.50%"
"09/23/2009","4.193","4.193","4.193","4.193","-0.02%"
"09/22/2009","4.194","4.194","4.194","4.194","-1.01%"
"09/21/2009","4.237","4.237","4.237","4.237","0.36%"
"09/18/2009","4.222","4.222","4.222","4.222","1.37%"
"09/17/2009","4.165","4.165","4.165","4.165","-2.37%"
"09/16/2009","4.266","4.266","4.266","4.266","0.21%"
"09/15/2009","4.257","4.257","4.257","4.257","0.64%"
"09/14/2009","4.230","4.230","4.230","4.230","1.12%"
"09/11/2009","4.183","4.183","4.183","4.183","-0.43%"
"09/10/2009","4.201","4.201","4.201","4.201","-3.00%"
"09/09/2009","4.331","4.331","4.331","4.331","0.30%"
"09/08/2009","4.318","4.318","4.318","4.318","1.01%"
"09/04/2009","4.275","4.275","4.275","4.275","2.76%"
"09/03/2009","4.160","4.160","4.160","4.160","0.90%"
"09/02/2009","4.123","4.123","4.123","4.123","-1.74%"
"09/01/2009","4.196","4.196","4.196","4.196","0.38%"
"08/31/2009","4.180","4.180","4.180","4.180","-0.43%"
"08/28/2009","4.198","4.198","4.198","4.198","-0.66%"
"08/27/2009","4.226","4.226","4.226","4.226","0.69%"
"08/26/2009","4.197","4.197","4.197","4.197","-0.62%"
"08/25/2009","4.223","4.223","4.223","4.223","-0.98%"
"08/24/2009","4.265","4.265","4.265","4.265","-2.54%"
"08/21/2009","4.376","4.376","4.376","4.376","3.21%"
"08/20/2009","4.240","4.240","4.240","4.240","-1.10%"
"08/19/2009","4.287","4.287","4.287","4.287","-1.58%"
"08/18/2009","4.356","4.356","4.356","4.356","0.69%"
"08/17/2009","4.326","4.326","4.326","4.326","-2.15%"
"08/14/2009","4.421","4.421","4.421","4.421","-0.25%"
"08/13/2009","4.432","4.432","4.432","4.432","-2.25%"
"08/12/2009","4.534","4.534","4.534","4.534","2.14%"
"08/11/2009","4.439","4.439","4.439","4.439","-1.84%"
"08/10/2009","4.522","4.522","4.522","4.522","-1.89%"
"08/07/2009","4.609","4.609","4.609","4.609","1.61%"
"08/06/2009","4.536","4.536","4.536","4.536","-0.57%"
"08/05/2009","4.562","4.562","4.562","4.562","2.15%"
"08/04/2009","4.466","4.466","4.466","4.466","1.38%"
"08/03/2009","4.405","4.405","4.405","4.405","2.49%"
"07/31/2009","4.298","4.298","4.298","4.298","-2.72%"
"07/30/2009","4.418","4.418","4.418","4.418","-2.06%"
"07/29/2009","4.511","4.511","4.511","4.511","-0.86%"
"07/28/2009","4.550","4.550","4.550","4.550","-1.66%"
"07/27/2009","4.627","4.627","4.627","4.627","1.85%"
"07/24/2009","4.543","4.543","4.543","4.543","-0.15%"
"07/23/2009","4.550","4.550","4.550","4.550","2.39%"
"07/22/2009","4.444","4.444","4.444","4.444","1.28%"
"07/21/2009","4.388","4.388","4.388","4.388","-2.83%"
"07/20/2009","4.516","4.516","4.516","4.516","-0.59%"
"07/17/2009","4.543","4.543","4.543","4.543","2.11%"
"07/16/2009","4.449","4.449","4.449","4.449","-1.02%"
"07/15/2009","4.495","4.495","4.495","4.495","2.72%"
"07/14/2009","4.376","4.376","4.376","4.376","3.21%"
"07/13/2009","4.240","4.240","4.240","4.240","1.10%"
"07/10/2009","4.194","4.194","4.194","4.194","-2.51%"
"07/09/2009","4.302","4.302","4.302","4.302","2.80%"
"07/08/2009","4.185","4.185","4.185","4.185","-2.86%"
"07/07/2009","4.308","4.308","4.308","4.308","-1.17%"
"07/06/2009","4.359","4.359","4.359","4.359","0.74%"
"07/02/2009","4.327","4.327","4.327","4.327","-0.25%"
"07/01/2009","4.338","4.338","4.338","4.338","0.00%"
"06/30/2009","4.338","4.338","4.338","4.338","1.24%"
"06/29/2009","4.285","4.285","4.285","4.285","-1.08%"
"06/26/2009","4.332","4.332","4.332","4.332","0.00%"
"06/25/2009","4.332","4.332","4.332","4.332","-2.39%"
"06/24/2009","4.438","4.438","4.438","4.438","1.81%"
"06/23/2009","4.359","4.359","4.359","4.359","-1.78%"
"06/22/2009","4.438","4.438","4.438","4.438","-1.51%"
"06/19/2009","4.506","4.506","4.506","4.506","-1.77%"
"06/18/2009","4.587","4.587","4.587","4.587","1.57%"
"06/17/2009","4.516","4.516","4.516","4.516","1.14%"
"06/16/2009","4.465","4.465","4.465","4.465","-2.17%"
"06/15/2009","4.564","4.564","4.564","4.564","-1.74%"
"06/12/2009","4.645","4.645","4.645","4.645","-1.17%"
"06/11/2009","4.700","4.700","4.700","4.700","-1.34%"
"06/10/2009","4.764","4.764","4.764","4.764","2.32%"
"06/09/2009","4.656","4.656","4.656","4.656","0.34%"
"06/08/2009","4.640","4.640","4.640","4.640","-0.04%"
"06/05/2009","4.642","4.642","4.642","4.642","1.22%"
"06/04/2009","4.586","4.586","4.586","4.586","3.24%"
"06/03/2009","4.442","4.442","4.442","4.442","-0.91%"
"06/02/2009","4.483","4.483","4.483","4.483","-1.21%"
"06/01/2009","4.538","4.538","4.538","4.538","4.76%"
"05/29/2009","4.332","4.332","4.332","4.332","-3.56%"
"05/28/2009","4.492","4.492","4.492","4.492","-3.42%"
"05/27/2009","4.651","4.651","4.651","4.651","3.47%"
"05/26/2009","4.495","4.495","4.495","4.495","2.53%"
"05/22/2009","4.384","4.384","4.384","4.384","1.11%"
"05/21/2009","4.336","4.336","4.336","4.336","4.63%"
"05/20/2009","4.144","4.144","4.144","4.144","-1.54%"
"05/19/2009","4.209","4.209","4.209","4.209","0.17%"
"05/18/2009","4.202","4.202","4.202","4.202","2.86%"
"05/15/2009","4.085","4.085","4.085","4.085","0.84%"
"05/14/2009","4.051","4.051","4.051","4.051","-1.00%"
"05/13/2009","4.092","4.092","4.092","4.092","-1.71%"
"05/12/2009","4.163","4.163","4.163","4.163","-0.24%"
"05/11/2009","4.173","4.173","4.173","4.173","-2.25%"
"05/08/2009","4.269","4.269","4.269","4.269","-0.86%"
"05/07/2009","4.306","4.306","4.306","4.306","5.31%"
"05/06/2009","4.089","4.089","4.089","4.089","0.71%"
"05/05/2009","4.060","4.060","4.060","4.060","0.02%"
"05/04/2009","4.059","4.059","4.059","4.059","-0.49%"
"05/01/2009","4.079","4.079","4.079","4.079","0.99%"
"04/30/2009","4.039","4.039","4.039","4.039","0.25%"
"04/29/2009","4.029","4.029","4.029","4.029","1.87%"
"04/28/2009","3.955","3.955","3.955","3.955","3.16%"
"04/27/2009","3.834","3.834","3.834","3.834","-1.21%"
"04/24/2009","3.881","3.881","3.881","3.881","2.29%"
"04/23/2009","3.794","3.794","3.794","3.794","-0.47%"
"04/22/2009","3.812","3.812","3.812","3.812","1.79%"
"04/21/2009","3.745","3.745","3.745","3.745","1.33%"
"04/20/2009","3.696","3.696","3.696","3.696","-2.86%"
"04/17/2009","3.805","3.805","3.805","3.805","2.20%"
"04/16/2009","3.723","3.723","3.723","3.723","1.67%"
"04/15/2009","3.662","3.662","3.662","3.662","0.08%"
"04/14/2009","3.659","3.659","3.659","3.659","-1.59%"
"04/13/2009","3.718","3.718","3.718","3.718","-0.77%"
"04/09/2009","3.747","3.747","3.747","3.747","2.01%"
"04/08/2009","3.673","3.673","3.673","3.673","-1.02%"
"04/07/2009","3.711","3.711","3.711","3.711","-0.46%"
"04/06/2009","3.728","3.728","3.728","3.728","0.76%"
"04/03/2009","3.700","3.700","3.700","3.700","3.32%"
"04/02/2009","3.581","3.581","3.581","3.581","2.34%"
"04/01/2009","3.499","3.499","3.499","3.499","-1.07%"
"03/31/2009","3.537","3.537","3.537","3.537","-1.78%"
"03/30/2009","3.601","3.601","3.601","3.601","-0.47%"
"03/27/2009","3.618","3.618","3.618","3.618","-1.09%"
"03/26/2009","3.658","3.658","3.658","3.658","-2.30%"
"03/25/2009","3.744","3.744","3.744","3.744","3.00%"
"03/24/2009","3.635","3.635","3.635","3.635","-1.52%"
"03/23/2009","3.691","3.691","3.691","3.691","1.01%"
"03/20/2009","3.654","3.654","3.654","3.654","0.50%"
"03/19/2009","3.636","3.636","3.636","3.636","2.65%"
"03/18/2009","3.542","3.542","3.542","3.542","-7.45%"
"03/17/2009","3.827","3.827","3.827","3.827","1.78%"
"03/16/2009","3.760","3.760","3.760","3.760","2.26%"
"03/13/2009","3.677","3.677","3.677","3.677","1.80%"
"03/12/2009","3.612","3.612","3.612","3.612","-1.34%"
"03/11/2009","3.661","3.661","3.661","3.661","-1.82%"
"03/10/2009","3.729","3.729","3.729","3.729","4.34%"
"03/09/2009","3.574","3.574","3.574","3.574","0.45%"
"03/06/2009","3.558","3.558","3.558","3.558","1.63%"
"03/05/2009","3.501","3.501","3.501","3.501","-4.47%"
"03/04/2009","3.665","3.665","3.665","3.665","1.58%"
"03/03/2009","3.608","3.608","3.608","3.608","0.00%"
"03/02/2009","3.608","3.608","3.608","3.608","-2.67%"
"02/27/2009","3.707","3.707","3.707","3.707","0.76%"
"02/26/2009","3.679","3.679","3.679","3.679","2.42%"
"02/25/2009","3.592","3.592","3.592","3.592","3.01%"
"02/24/2009","3.487","3.487","3.487","3.487","-0.74%"
"02/23/2009","3.513","3.513","3.513","3.513","-1.84%"
"02/20/2009","3.579","3.579","3.579","3.579","-2.43%"
"02/19/2009","3.668","3.668","3.668","3.668","3.18%"
"02/18/2009","3.555","3.555","3.555","3.555","2.27%"
"02/17/2009","3.476","3.476","3.476","3.476","-5.54%"
"02/13/2009","3.680","3.680","3.680","3.680","4.43%"
"02/12/2009","3.524","3.524","3.524","3.524","2.06%"
"02/11/2009","3.453","3.453","3.453","3.453","-0.80%"
"02/10/2009","3.481","3.481","3.481","3.481","-4.66%"
"02/09/2009","3.651","3.651","3.651","3.651","-1.40%"
"02/06/2009","3.703","3.703","3.703","3.703","1.51%"
"02/05/2009","3.648","3.648","3.648","3.648","-0.87%"
"02/04/2009","3.680","3.680","3.680","3.680","0.08%"
"02/03/2009","3.677","3.677","3.677","3.677","5.48%"
"02/02/2009","3.486","3.486","3.486","3.486","-3.09%"
"01/30/2009","3.597","3.597","3.597","3.597","-0.53%"
"01/29/2009","3.616","3.616","3.616","3.616","5.82%"
"01/28/2009","3.417","3.417","3.417","3.417","3.77%"
"01/27/2009","3.293","3.293","3.293","3.293","-2.55%"
"01/26/2009","3.379","3.379","3.379","3.379","1.75%"
"01/23/2009","3.321","3.321","3.321","3.321","1.78%"